variant_id,gene,dna_variant,label,integrated_score
1,COL4A1,"ENST00000375820.4(COL4A1):c.1000-5T>G, p.(?)",0,0.07813503404384962
2,AR,"NM_000044.6(AR):c.1768G>A, p.(Gly590Arg)",1,0.8571107279968206
3,ATM,"NM_000051.3(ATM):c.131A>G, p.(Asp44Gly)",0,0.011462731281508858
4,ATM,"NM_000051.3(ATM):c.1607+5G>A, p.(?)",1,0.9348088983300133
5,ATM,"NM_000051.3(ATM):c.1803-1G>C, p.(?)",1,0.940565270173354
6,ATM,"NM_000051.3(ATM):c.1803-2A>G, p.(?) ",1,0.9370706452172822
7,ATM,"NM_000051.3(ATM):c.2921+5G>A, p.(?)",1,0.9607176548053326
8,ATM,"NM_000051.3(ATM):c.3402+22T>G, p.(?)",0,0.015731801917472206
9,ATM,"NM_000051.3(ATM):c.3994-160T>C, p.(?)",1,0.7937955011294001
11,BRCA2,"NM_000059.3(BRCA2):c.9117+46_9134del, p.(?)",1,0.7026569416927625
12,BRCA2,"NM_000059.3(BRCA2):c.9502-20T>G, p.(?)",0,0.014242594486611757
13,COL1A2,"NM_000089.3(COL1A2):c.2403+3A>G, p.(?)",0,0.010000640294672595
14,COL3A1,"NM_000090.3(COL3A1):c.1149+4A>G, p.(?)",0,0.33026080857359974
15,COL3A1,"NM_000090.3(COL3A1):c.1348-1G>T, p.(?)",1,0.8403052612357526
16,COL5A1,"NM_000093.4(COL5A1):c.4067C>T, p.(Ala1356Val)",0,0.003031697226592991
17,COL5A1,"NM_000093.4(COL5A1):c.5024C>A, p.(Ala1675Asp)",0,0.0028833992825417613
18,CPOX,"NM_000097.7(CPOX):c.1277+9A>G, p.(?)",0,0.4273006561943958
19,FBN1,"NM_000138.4(FBN1):c.5296+5G>A, p.(?)",1,0.8231364070896573
20,FBN1,"NM_000138.4(FBN1):c.6288C>T, p.(=)",0,0.008737500853192196
21,GLI3,"NM_000168.5(GLI3):c.473+5G>C, p.(?)",1,0.9451973566248316
22,MSH6,"NM_000179.3(MSH6):c.3969_4001+52dup, p.(?)",0,0.6712200507024075
23,HSD17B3,"NM_000197.1(HSD17B3):c.139A>G, p.(Met47Val)",0,0.014239852059758192
25,JAG1,"NM_000214.2(JAG1):c.1156G>A, p.(Gly386Arg)",1,0.8770415514146026
28,MYBPC3,"NM_000256.3(MYBPC3):c.1897G>A, p.(Glu633Lys)",1,0.8352362841359264
29,MYBPC3,"NM_000256.3(MYBPC3):c.821+5G>A, p.(?)",1,0.8779711173267941
30,NF1,"NM_000267.1(NF1):c.1845G>A, p.(=)",1,0.9706351508380713
31,NF1,"NM_000267.1(NF1):c.2337_2339delTACinsCAA, p.(Thr780Lys)",0,0.0003975235763270722
32,NF1,"NM_000267.1(NF1):c.288+3A>T, p.(?)",1,0.8601681932574553
33,NF1,"NM_000267.3(NF1):c.1642-9A>G, p.(?)",1,0.9593899675050583
34,NF1,"NM_000267.3(NF1):c.1722-26T>G, p.(?)",1,0.849155394825434
35,NF1,"NM_000267.3(NF1):c.1845+3A>C, p.(?)",1,0.9312994083030389
36,NF1,"NM_000267.3(NF1):c.1845+3A>C, p.(?)",1,0.9186076835986069
37,NF1,"NM_000267.3(NF1):c.2251G>A, p.(Gly751Arg)",1,0.9519268685154368
38,NF1,"NM_000267.3(NF1):c.2252G>T, p.(Gly751Val)",1,0.9245186470194253
39,NF1,"NM_000267.3(NF1):c.2710T>A, p.(Cys904Ser)",1,0.8282602268165692
43,NF1,"NM_000267.3(NF1):c.3315-3C>T, p.(?)",0,0.0013651883732647082
44,NF1,"NM_000267.3(NF1):c.3870G>C, p.(Lys1290Asn)",1,0.9658192547620822
45,NF1,"NM_000267.3(NF1):c.3870G>C, p.(Lys1290Asn)",1,0.9601847770816003
47,NF1,"NM_000267.3(NF1):c.4986C>G, p.(Asn1662Lys)",0,0.27029325649613845
48,NF1,"NM_000267.3(NF1):c.586+3A>T, p.(?)",1,0.9734383786630029
49,NF1,"NM_000267.3(NF1):c.586+3A>T, p.(?)",1,0.8544614380409797
50,NF1,"NM_000267.3(NF1):c.5943G>C, p.(Gln1981His)",1,0.9123052027725794
51,NF1,"NM_000267.3(NF1):c.5943G>C, p.(Gln1981His)",1,0.8649762578041892
52,NF1,"NM_000267.3(NF1):c.6085G>T, p.(Val2029Phe)",1,0.9444377240382498
53,NF1,"NM_000267.3(NF1):c.6317_6340del, p.(Ile2106_Cys2113del)",0,0.0003975235763270722
54,NF1,"NM_000267.3(NF1):c.6365-3C>G, p.(?)",1,0.950527510737401
55,NF1,"NM_000267.3(NF1):c.7011A>G, p.(=)",0,0.0003975235763270722
56,NF1,"NM_000267.3(NF1):c.8300C>T, p.(Ser2767Phe)",0,0.0003975235763270722
57,PLOD1,"NM_000302.4(PLOD1):c.1650G>A, p.(=)",0,0.487960049931313
58,PTEN,"NM_000314.4(PTEN):c.101C>G, p.(Ala34Gly)",0,0.00906911909051505
59,TSC1,"NM_000368.4(TSC1):c.2042-5A>G, p.(?)",1,0.9517835435375563
60,TSC1,"NM_000368.4(TSC1):c.664-15A>G, p.(?)",1,0.9167649917510522
61,TSC1,"NM_000368.4(TSC1):c.664-15A>G, p.(?)",1,0.9188393038762654
62,TSC1,"NM_000368.5(TSC1):c.2626-90A>G, p.(?)",0,0.002895322846446233
63,TSC1,"NM_000368.5(TSC1):c.913+21T>G, p.(?)",1,0.7999137630470565
64,PAFAH1B1,"NM_000430.3(PAFAH1B1):c.33-3C>T, p.(?)",1,0.7131349007172166
65,UBE3A,"NM_000462.3(UBE3A):c.1618-2A>C, p.(?)",1,0.8342539451781543
66,RYR1,"NM_000540.3(RYR1):c.10348-6C>G, p.(?)",1,0.6944384376961753
67,RYR1,"NM_000540.3(RYR1):c.7028-10G>A, p.(?)",1,0.8484701546235832
68,TSC2,"NM_000548.3(TSC2):c.1033_1035delinsTTA, p.(=)",0,0.43246256607657235
69,TSC2,"NM_000548.3(TSC2):c.1033_1035delinsTTA, p.(=)",0,0.3946062284190211
70,TSC2,"NM_000548.3(TSC2):c.152A>C, p.(Glu51Ala)",0,0.005971638244674583
71,TSC2,"NM_000548.3(TSC2):c.1717-785_1717-784delAG, p.(?)",0,0.007283159430258611
72,TSC2,"NM_000548.3(TSC2):c.1947-23A>G, p.(?)",1,0.6805592763232466
73,TSC2,"NM_000548.3(TSC2):c.226-6T>G, p.(?)",1,0.5832825702818312
74,TSC2,"NM_000548.3(TSC2):c.2838-125C>A, p.(?)",0,0.4285080926983238
75,TSC2,"NM_000548.3(TSC2):c.-29-4A>C, p.(?)",0,0.27174557223313867
76,TSC2,"NM_000548.3(TSC2):c.-29-4A>C, p.(?)",0,0.25896530090465025
77,TSC2,"NM_000548.3(TSC2):c.2967-460G>A, p.(?)",0,0.4482364985957284
78,TSC2,"NM_000548.3(TSC2):c.599+4A>G, p.(?)",1,0.7983816714997637
79,TSC2,"NM_000548.5(TSC2):c.3879G>A, p.(Trp1293*)",0,0.0038152199510670557
80,TSC2,"NM_000548.5(TSC2):c.700G>C, p.(Glu234Gln)",0,0.0003975235763270722
81,RPL5,"NM_000969.3(RPL5):c.333T>C, p.(Asn111=)",0,0.017322785280827303
82,PKD1,"NM_001009944.2(PKD1):c.5830G>A, p.(Gly1944Arg)",0,0.0003975235763270722
83,WDR45,"NM_001029896.1(WDR45):c.147C>T, p.(=) ",1,0.5681975708004394
84,EFEMP1,"NM_001039348.2(EFEMP1):c.81+1G>A, p.(?)",1,0.8503998783682651
85,USP9X,"NM_001039590.3(USP9X):c.6435+4A>G, p.(?)",0,0.22844390418024016
86,MYH11,"NM_001040113.1(MYH11):c.1423-12C>G, p.(?)",0,0.0034999513397535056
87,NF1,"NM_001042492.2(NF1):c.4170_4173del, p.(Ser1391Trpfs*14)",1,0.841945782905973
88,NF1,"NM_001042492.2(NF1):c.4170_4173del, p.(Ser1391Trpfs*14)",1,0.8651283999507527
89,TUBG1,"NM_001070.4(TUBG1):c.50-3C>A, p.(?)",0,0.013508819973286845
90,NPRL3,"NM_001077350.2(NPRL3):c.319-2A>G, p.(?)",0,0.5865805312810244
91,TBX20,"NM_001077653.2(TBX20):c.1002A>T, p.(=)",0,0.012710796374154287
92,CC2D2A,"NM_001080522.2(CC2D2A):c.3976-3C>A, p.(?)",1,0.8405998948148943
93,THOC2,"NM_001081550.1(THOC2):c.4754+1A>G, p.(?)",0,0.4109263217587011
94,FLNA,"NM_001110556.1(FLNA):c.5217+5G>C, p.(?)",0,0.03798544238393176
95,TGFB2,"NM_001135599.3(TGFB2):c.831A>G, p.(=)",0,0.006494254278940865
96,NONO,"NM_001145408.1(NONO):c.944-6T>G, p.(?)",0,0.007269567104052923
97,GATA2,"NM_001145661.1(GATA2):c.1143+5G>A, p.(?)",1,0.8622886685617775
98,ENTPD1,"NM_001164179.1(ENTPD1):c.146A>G, p.(Tyr49Cys)",0,0.005837894613571216
99,PNPLA6,"NM_001166111.1(PNPLA6):c.1635+10_1635+18delinsGT, p.(?)",1,0.5006409029903791
101,KANSL1,"NM_001193466.1(KANSL1):c.2725-6T>C, p.(?)",0,0.00319665673383394
102,KMT2A,"NM_001197104.1(KMT2A):c.8387G>T, p.(Gly2796Val)",0,0.0003975235763270722
103,TTN,"NM_001267550.1(TTN):c.105134A>G, p.(Asp35045Gly)",0,0.005891820861796326
104,TUBA1A,"NM_001270399.1(TUBA1A):c.78G>A, p.(Leu26Leu)",0,0.017592232782022408
105,MEGF8,"NM_001271938.2(MEGF8):c.6395G>A, p.(Arg2132Gln)",0,0.00776787626363218
106,PHRF1,"NM_001286581.1(PHRF1):c.2261_2267dup, p.(His756Glnfs*22)",0,0.0013346907754751022
107,CLTC,"NM_001288653.1(CLTC):c.381G>A, p.(=)",1,0.7656047351841266
108,PMS2,"NM_001322014.1(PMS2):c.269C>G, p.(Ser90Cys)",0,0.01272560222440279
109,FUZ,"NM_001352262.1(FUZ):c.851G>C, p.(Arg284Pro)",0,0.018036153567357077
110,XPA,NM_001354975.1(XPA):c.605A>G p.(His202Arg),0,0.052847633210640205
111,DDX3X,"NM_001356.4(DDX3X):c.1023C>T, p.(=)",1,0.7180586044138573
112,ERLIN2,"NM_001362878.1(ERLIN2):c.557+74_557+78del, p.(?)",1,0.7794042105553545
113,MEN1,"NM_001370259.2(MEN1):c.1158C>T, p.(=)",1,0.849673417736184
114,DNMT1,"NM_001379.3(DNMT1):c.80+1G>A, p.(?)",0,0.5709343549471648
116,GDI1,"NM_001493.2(GDI1):c.399C>T, p.(=)",0,0.010797311441168569
117,CLCN4,"NM_001830.3(CLCN4):c.1389G>A, p.(=)",1,0.8196111537352144
118,COL6A1,"NM_001848.2(COL6A1):c.904-10G>A, p.(?)",1,0.7497193627637437
119,FBN2,"NM_001999.3(FBN2):c.2940C>T, p.(=)",0,0.0009543637673606609
120,FBN2,"NM_001999.3(FBN2):c.7841-3C>T, p.(?)",0,0.002722833636031
121,MSX2,"NM_002449.4(MSX2):c.379+5G>T, p.(?)",1,0.9269493098761123
122,MYH6,"NM_002471.3(MYH6):c.5661G>A, p.(=)",0,0.008498189939784517
123,MYH8,"NM_002472.2(MYH8):c.3254+1G>A, p.(?)",0,0.6484753726992113
124,PLCG2,"NM_002661.5(PLCG2):c.3514A>G, p.(Ser1172Gly)",0,0.0014920509395111518
125,SLC6A1,"NM_003042.3(SLC6A1):c.1325G>T, p.(Gly442Val)",0,0.012125558149531031
128,SORL1,"NM_003105.5(SORL1):c.4369+5G>A, p.(?)",0,0.522516024402305
129,SORL1,"NM_003105.5(SORL1):c.4369+5G>A, p.(?)",0,0.46618384358251197
130,TAF2,"NM_003184.3(TAF2):c.2558+691G>C, p.(?)",0,0.43987061116490084
131,TFR2,"NM_003227.3(TFR2):c.1473G>A, p.(=) ",0,0.33538877716578475
133,PPFIA1,"NM_003626.3(PPFIA1):c.2234C>G, p.(Ser745Cys)",0,0.0013346907754751022
134,AIFM1,"NM_004208.3(AIFM1):c.1117G>A, p.(Gly373Glu)",1,0.8004683122770865
135,ALK,"NM_004304.3(ALK):c.1913-8T>G, p.(?)",0,0.41555471767640434
136,DSP,"NM_004415.2(DSP):c.2793+3A>G, p.(?)",1,0.9376973229281184
137,DSP,"NM_004415.2(DSP):c.3609_3610delinsAG, p.(Met1203_Ser1204delinsIleGly)",0,0.001135369255879795
138,BAP1,"NM_004656.3(BAP1):c.200A>G, p.(Asp67Gly)",1,0.8580927016861734
139,BAP1,"NM_004656.3(BAP1):c.535C>T, p.(Arg179Trp )",0,0.0049281912731933275
141,KRIT1,"NM_004912.3(KRIT1):c.263-18C>G, p.(?)",1,0.9230179916211225
142,KRIT1,"NM_004912.4(KRIT1):c.1411+3A>T, p.(?)",0,0.6571472157580867
143,KCNJ8,"NM_004982.3(KCNJ8):c.999A>T, p.(=)",0,0.0029505567107408416
144,MED13,"NM_005121.2(MED13):c.6269A>G, p.(Tyr2090Cys)",0,0.025141220825560997
146,SMAD4,"NM_005359.5(SMAD4):c.424+5G>A, p.(?)",0,0.012907265054736917
147,PTPN14,"NM_005401.4(PTPN14):c.758+1del, p.(?)",1,0.8177171649261373
148,RAD50,"NM_005732.4(RAD50):c.3390-1119_3390-1115del, p.(?)",1,0.726115655131966
149,SMAD3,"NM_005902.3(SMAD3):c.400+5G>T, p.(?)",0,0.3144358624228165
151,RAD21,"NM_006265.2(RAD21):c.274+3A>G, p.(?)",1,0.7966788030343429
152,IVNS1ABP,"NM_006469.5(IVNS1ABP):c.282-7T>A, p.(?)",0,0.01754532686991185
153,NPRL2,"NM_006545.4(NPRL2):c.720+2dup, p.(?)",1,0.8682541709914426
154,NPRL2,"NM_006545.4(NPRL2):c.720+2dup, p.(?)",1,0.858884609646457
155,GNB5,"NM_006578.3(GNB5):c.112+1G>C, p.(?)",1,0.8895840034273705
156,SLC20A2,NM_006749.4(SLC20A2):c.427A>G; p.(Ile143Val),1,0.9403706909435912
158,LZTR1,"NM_006767.3(LZTR1):c.2325G>C, p.(Gln775His)",0,0.5764909884487269
159,LZTR1,"NM_006767.3(LZTR1):c.263+5G>T, p.(?)",1,0.8236031637417082
160,LZTR1,"NM_006767.3(LZTR1):c.320G>C, p.(Arg107Thr)",1,0.8414207973166035
162,CHEK2,"NM_007194.4(CHEK2):c.1376-27C>G, p.(?)",1,0.8863467543369544
163,BRCA1,"NM_007294.3(BRCA1):c.5153-26A>G, p.(?)",0,0.6855972182066675
166,SHANK2,"NM_012309.4(SHANK2):c.2440-5T>G, p.(?)",0,0.013055146860965422
167,IARS1,"NM_013417.4(IARS1):c.3553+52G>A, p.(?)",0,0.017499230702157958
169,RB1CC1,"NM_014781.5(RB1CC1):c.199-3T>G, p.(?)",0,0.5949182629510211
170,OTUD3,"NM_015207.2(OTUD3):c.739G>A, p.(Asp247Asn) ",0,0.004338252482716079
171,CYLD,"NM_015247.2(CYLD):c.2350+5G>A, p.(?)",1,0.9351059263819999
172,BLTP1,"NM_015312.3(BLTP1):c.13212C>T, p.(=)",1,0.7983281676678278
173,BLTP1,"NM_015312.3(BLTP1):c.13222A>G, p.(lle4408Val)",0,0.14949057015902031
174,IFT172,"NM_015662.2(IFT172):c.4161G>A, p.(=) ",1,0.9325715807841995
175,IFT172,"NM_015662.2(IFT172):c.4914G>A, p.(=)",1,0.8468899594218736
176,SLC45A2,"NM_016180.3(SLC45A2):c.1368+3_1368+9del, p.(?)",1,0.8814062007319327
177,SLC45A2,"NM_016180.3(SLC45A2):c.1368+3_1368+9del, p.(?)",1,0.872070746818005
178,TBC1D7,"NM_016495.5(TBC1D7):c.447C>A, p.(=)",1,0.8370223968099757
179,NOTCH1,"NM_017617.4(NOTCH1):c.140+3G>C, p.(?)",1,0.8078568780769493
180,NOTCH1,"NM_017617.5(NOTCH1):c.5901G>A, p.(=)",0,0.002429218138659182
181,TRPM4,"NM_017636.3(TRPM4):c.2508C>T, p.(=)",0,0.0005458215203783023
183,VPS13B,"NM_017890.4(VPS13B):c.5295G>T, p.(Glu1765Asp)",1,0.8947968934618086
184,PHIP,"NM_017934.6(PHIP):c.1095+5G>C, p.(?)",1,0.9181869067192696
185,PHIP,"NM_017934.6(PHIP):c.41-7C>A, p.(?)",1,0.7890088620773889
186,ANO10,"NM_018075.3(ANO10):c.1864A>G, p.(Met622Val)",1,0.6490439998956177
187,NDC1,"NM_018087.4(NDC1):c.892-21G>A, p.(?)",0,0.4380454221737505
188,ROBO4,"NM_019055.5(ROBO4):c.1684+1G>A, p.(?)",1,0.9074138034412124
189,MIB1,"NM_020774.3(MIB1):c.1677G>C, p.(Gln559His)",1,0.8771598775695028
190,ALPK3,"NM_020778.4(ALPK3):c.1275A>T, p.(=)",0,0.020477631015885372
191,DAB1,"NM_021080.3(DAB1): c.307-2A>T, p.(?)",0,0.3864573836223894
194,NSD1,"NM_022455.5(NSD1):c.3769A>C, p.(Thr1257Pro)",0,0.004801413145932181
195,EPS8L2,"NM_022772.3(EPS8L2):c.1059+4C>T, p.(?)",1,0.58614193737187
196,EPS8L2,"NM_022772.3(EPS8L2):c.1208G>T, p.(Arg403Leu)",1,0.9492613339835215
197,EPS8L2,"NM_022772.3(EPS8L2):c.1208G>T, p.(Arg403Leu)",1,0.9439662341130601
198,MBOAT7,"NM_024298.4(MBOAT7):c.458_459delTC, p.(Leu153fs)",1,0.6777351965546444
199,CEP290,"NM_025114.3(CEP290):c.5855+5G>A, p.(?)",1,0.9261327484436128
200,DICER1,"NM_030621.4(DICER1):c.2257-7A>G, p.(?)",1,0.9026897207971349
201,ADGRV1,"NM_032119.4(ADGRV1):c.8567-5A>G, p.(?)",1,0.8413971948167728
202,PLXNA1,"NM_032242.3(PLXNA1):c.3896-22C>G, p.(?)",0,0.0020759559935598273
