variant_id,gene,dna_variant,label,aberrant_splicing,wt_transcript,pct_aberrant_sanger,pct_aberrant_agarose,is_frameshift_ptc,splice_distance,exon_number,exon_proportion,tissue_code,alamut_ese_code,spliceai_max,pangolin_max,spip_score,squirls_max,loeuf,loeuf_score,tpm_blood,tpm_fibro,tissue_specificity_score,gnomad_af,vep_is_ptc,eff_no_effect,eff_exon_skipping,eff_use_of_alternative_ss__inclusi,eff_use_of_alternative_ss__exclusi,eff_multiple_events,eff_pseudoexon,eff_u12_u2_switch,vex_intronic,vex_splicesite_vulnerable_,vex_resilient,vex_not_in_database,vex_splicesite_resilient_,vex_vulnerable,vex_alternative,vex_splicesite_alternative_,vex_splicesite_resilient_alternati,vex_splicesite_nasegment_,vtype_canonicalspliceacceptor,vtype_canonicalsplicedonor,vtype_exonicdistant,vtype_intronicdistant,nmd_sensitive,nmd_score,acmg_pvs1,acmg_ps3,acmg_pm2,acmg_pp3,acmg_bp4,acmg_bp7,acmg_total_score,no_rna_effect,high_pct_aberrant,is_canonical_ss,tools_agree_benign,tools_agree_pathogenic
1,COL4A1,"ENST00000375820.4(COL4A1):c.1000-5T>G, p.(?)",0,0,1.0,0.5,0.5,0,5,15.0,0.625,2,2,0.53,0.479999989271164,0.993999999999999,0.895,0.2403907757853573,0.9354949862480418,0.15813,57.9546,0.4810011847493298,0.0,0,1,0,0,0,0,0,0,0,0,0,0,0,0,0,0,0,0,1,0,0,0,0,0.0,0,0,1,1,0,1,1,1,1,0,0,0
2,AR,"NM_000044.6(AR):c.1768G>A, p.(Gly590Arg)",1,1,0.0,1.0,1.0,1,0,2.0,0.25,2,1,0.83,0.540000021457672,0.991999999999999,0.993,0.2678959772318074,0.9251380782592428,0.02698,14.90745,0.3264419763789644,0.0,0,0,1,0,0,0,0,0,0,1,0,0,0,0,0,0,0,0,0,1,0,0,1,1.0,1,1,1,1,0,0,15,0,1,1,0,1
3,ATM,"NM_000051.3(ATM):c.131A>G, p.(Asp44Gly)",0,0,1.0,0.5,0.5,0,0,3.0,0.0476,1,0,0.06,0.0399999991059303,0.402,0.085,0.8746422185158996,0.6966716550714905,3.79341,15.21075,0.328670382296395,0.0,0,1,0,0,0,0,0,0,0,0,1,0,0,0,0,0,0,0,0,0,1,0,0,0.0,0,0,1,0,1,1,-1,1,1,1,1,0
4,ATM,"NM_000051.3(ATM):c.1607+5G>A, p.(?)",1,1,1.0,0.5,0.5,1,5,15.0,0.625,1,0,0.56,0.449999988079071,0.987999999999999,0.686,0.8746422185158996,0.6966716550714905,3.79341,15.21075,0.328670382296395,0.0,0,0,0,0,0,1,0,0,0,0,0,0,0,0,0,0,0,0,0,1,0,0,1,0.85,1,1,1,1,0,0,15,0,1,0,0,0
5,ATM,"NM_000051.3(ATM):c.1803-1G>C, p.(?)",1,1,1.0,0.25,0.0,1,1,15.0,0.625,1,0,1.0,0.860000014305115,0.991999999999999,0.959,0.8746422185158996,0.6966716550714905,3.79341,15.21075,0.328670382296395,0.0,1,0,0,0,0,1,0,0,0,0,1,0,0,0,0,0,0,0,1,0,0,0,1,0.85,1,0,1,1,0,0,11,0,0,1,0,1
6,ATM,"NM_000051.3(ATM):c.1803-2A>G, p.(?) ",1,1,1.0,0.25,0.0,1,2,15.0,0.625,1,2,1.0,0.860000014305115,0.998,0.989,0.8746422185158996,0.6966716550714905,3.79341,15.21075,0.328670382296395,0.0,1,0,0,0,0,1,0,0,0,0,0,0,0,0,0,0,0,0,1,0,0,0,1,0.85,1,0,1,1,0,0,11,0,0,1,0,1
7,ATM,"NM_000051.3(ATM):c.2921+5G>A, p.(?)",1,1,1.0,0.5,0.5,1,5,15.0,0.625,1,0,0.88,0.779999971389771,0.84,0.931,0.8746422185158996,0.6966716550714905,3.79341,15.21075,0.328670382296395,0.0,0,0,1,0,0,0,0,0,0,0,0,0,0,0,0,0,0,0,0,1,0,0,1,0.85,1,1,1,1,0,0,15,0,1,0,0,1
8,ATM,"NM_000051.3(ATM):c.3402+22T>G, p.(?)",0,0,1.0,0.5,0.5,0,22,15.0,0.625,1,0,0.08,0.0900000035762787,0.014,0.014,0.8746422185158996,0.6966716550714905,3.79341,15.21075,0.328670382296395,0.0,0,1,0,0,0,0,0,0,0,0,0,0,0,0,0,0,0,0,0,0,0,1,0,0.0,0,0,1,0,1,1,-1,1,1,0,1,0
9,ATM,"NM_000051.3(ATM):c.3994-160T>C, p.(?)",1,1,1.0,0.5,0.5,1,160,15.0,0.625,1,2,0.3,0.159999996423721,0.002,0.873,0.8746422185158996,0.6966716550714905,3.79341,15.21075,0.328670382296395,0.0,0,0,0,1,0,0,0,0,0,0,0,0,0,0,0,0,0,0,0,0,0,1,1,0.85,1,1,1,0,0,0,14,0,1,0,0,0
11,BRCA2,"NM_000059.3(BRCA2):c.9117+46_9134del, p.(?)",1,1,1.0,0.25,0.75,1,46,24.0,0.8889,2,1,0.0,0.0,0.0,0.006,0.8240908463710617,0.715706451491031,0.2314,4.15363,0.1934616697429052,0.0,0,0,0,0,0,1,0,0,0,0,1,0,0,0,0,0,0,0,0,0,1,0,1,0.6,1,0,1,0,1,0,9,0,1,0,1,0
12,BRCA2,"NM_000059.3(BRCA2):c.9502-20T>G, p.(?)",0,0,1.0,0.5,0.5,0,20,15.0,0.625,2,2,0.0,0.0299999993294477,0.35,0.007,0.8240908463710617,0.715706451491031,0.2314,4.15363,0.1934616697429052,0.0,0,1,0,0,0,0,0,0,0,0,1,0,0,0,0,0,0,0,0,0,0,1,0,0.0,0,0,1,0,1,1,-1,1,1,0,1,0
13,COL1A2,"NM_000089.3(COL1A2):c.2403+3A>G, p.(?)",0,0,1.0,0.5,0.5,0,3,15.0,0.625,2,0,0.14,0.170000001788139,0.0739999999999999,0.293,0.3567215602175019,0.8916913721216656,0.71442,4795.24,1.0,0.0,0,1,0,0,0,0,0,0,0,0,0,0,0,0,0,0,0,0,0,1,0,0,0,0.0,0,0,1,0,0,1,0,1,1,0,0,0
14,COL3A1,"NM_000090.3(COL3A1):c.1149+4A>G, p.(?)",0,1,1.0,0.25,0.0,0,4,15.0,0.625,2,1,0.19,0.330000013113022,0.98,0.988,0.2927737377927681,0.915770516360128,0.5171,1886.905,0.889994112770596,0.0,0,0,1,0,0,0,0,0,1,0,0,0,0,0,0,0,0,0,0,1,0,0,0,0.0,0,0,1,0,0,0,2,0,0,0,0,0
15,COL3A1,"NM_000090.3(COL3A1):c.1348-1G>T, p.(?)",1,1,0.0,0.5,0.0,0,1,15.0,0.625,2,0,1.0,0.889999985694885,0.951999999999999,1.0,0.2927737377927681,0.915770516360128,0.5171,1886.905,0.889994112770596,0.0,1,0,0,0,1,0,0,0,1,0,0,0,0,0,0,0,0,0,1,0,0,0,0,0.0,1,1,1,1,0,0,15,0,1,1,0,1
16,COL5A1,"NM_000093.4(COL5A1):c.4067C>T, p.(Ala1356Val)",0,0,1.0,0.5,0.5,0,0,51.0,0.7727,2,1,0.01,0.0599999986588955,0.234,0.017,0.0921625809191449,0.9913093666140246,0.11451,188.7195,0.6189006520805004,0.0,0,1,0,0,0,0,0,0,0,0,0,1,0,0,0,0,0,0,0,1,0,0,0,0.0,0,0,1,0,1,1,-1,1,1,1,1,0
17,COL5A1,"NM_000093.4(COL5A1):c.5024C>A, p.(Ala1675Asp)",0,0,1.0,0.5,0.5,0,0,63.0,0.9545,2,0,0.0,0.0,0.136,0.006,0.0921625809191449,0.9913093666140246,0.11451,188.7195,0.6189006520805004,0.0,0,1,0,0,0,0,0,0,0,0,0,1,0,0,0,0,0,0,0,0,1,0,0,0.0,0,0,1,0,1,1,-1,1,1,1,1,0
18,CPOX,"NM_000097.7(CPOX):c.1277+9A>G, p.(?)",0,1,1.0,0.05,0.0,1,9,15.0,0.625,1,0,0.4,0.28999999165535,0.25,0.028,0.6904438576501309,0.7660303717814383,4.65799,32.38015,0.4138900564129101,0.0,0,0,0,1,0,0,0,0,1,0,0,0,0,0,0,0,0,0,0,0,0,1,1,0.85,1,0,1,0,0,0,10,0,0,0,0,0
19,FBN1,"NM_000138.4(FBN1):c.5296+5G>A, p.(?)",1,1,1.0,0.5,0.5,0,5,15.0,0.625,2,2,0.97,0.819999992847443,1.0,0.961,0.108309095815693,0.98522949952238,0.21583,291.2255,0.6698681037261837,0.0,0,0,1,0,0,0,0,0,0,0,0,0,0,0,0,0,0,0,0,1,0,0,0,0.0,0,1,1,1,0,0,7,0,1,0,0,1
20,FBN1,"NM_000138.4(FBN1):c.6288C>T, p.(=)",0,0,1.0,0.5,0.5,0,0,51.0,0.7727,2,2,0.1,0.0399999991059303,0.0719999999999999,0.006,0.108309095815693,0.98522949952238,0.21583,291.2255,0.6698681037261837,0.0,0,1,0,0,0,0,0,0,0,0,1,0,0,0,0,0,0,0,0,0,1,0,0,0.0,0,0,1,0,1,1,-1,1,1,1,1,0
21,GLI3,"NM_000168.5(GLI3):c.473+5G>C, p.(?)",1,1,1.0,0.5,0.5,1,5,15.0,0.625,2,1,0.94,0.759999990463257,1.0,0.024,0.2882263694144928,0.917482798888822,0.02271,9.64359,0.2790317269720394,0.0,0,0,1,0,0,0,0,0,0,0,0,0,0,0,0,0,0,0,0,1,0,0,1,0.85,1,1,1,1,0,0,15,0,1,0,0,1
22,MSH6,"NM_000179.3(MSH6):c.3969_4001+52dup, p.(?)",0,1,1.0,0.5,0.25,1,0,15.0,0.625,1,0,0.98,0.720000028610229,0.07,0.013,0.8547320352629197,0.7041687074523905,2.22868,19.3923,0.3557461188953736,0.0,0,0,1,0,0,0,0,0,0,0,1,0,0,0,0,0,0,0,0,0,0,1,1,0.85,1,1,1,1,0,0,15,0,1,1,0,1
23,HSD17B3,"NM_000197.1(HSD17B3):c.139A>G, p.(Met47Val)",0,0,1.0,0.5,0.5,0,0,1.0,0.0909,2,0,0.13,0.0799999982118607,0.336,0.007,0.9618933850629798,0.6638177853915023,0.0,0.0,0.0,0.0,0,1,0,0,0,0,0,0,0,0,1,0,0,0,0,0,0,0,0,0,1,0,0,0.0,0,0,1,0,0,1,0,1,1,1,1,0
25,JAG1,"NM_000214.2(JAG1):c.1156G>A, p.(Gly386Arg)",1,1,1.0,0.5,0.0,1,0,9.0,0.3462,1,1,0.98,0.779999971389771,0.56,0.007,0.2191598650706772,0.9434893501220328,0.81489,10.1371,0.2843793260767403,0.0,0,0,0,0,1,0,0,0,0,0,1,0,0,0,0,0,0,0,0,0,1,0,1,1.0,1,1,1,1,0,0,15,0,1,1,0,1
28,MYBPC3,"NM_000256.3(MYBPC3):c.1897G>A, p.(Glu633Lys)",1,1,1.0,0.25,0.0,1,0,19.0,0.5429,1,0,0.45,0.310000002384186,0.998,0.997,0.7953966438264374,0.7265110702517852,8.91481,0.05622,0.2706631939774046,0.0,0,0,0,1,0,0,0,0,0,0,0,0,1,0,0,0,0,0,0,1,0,0,1,0.85,1,0,1,0,0,0,10,0,0,1,0,0
29,MYBPC3,"NM_000256.3(MYBPC3):c.821+5G>A, p.(?)",1,1,1.0,0.25,0.5,1,5,15.0,0.625,1,1,0.86,0.740000009536743,1.0,0.948,0.7953966438264374,0.7265110702517852,8.91481,0.05622,0.2706631939774046,0.0,0,0,0,1,0,0,0,0,0,0,0,0,0,0,0,0,0,0,0,1,0,0,1,0.85,1,0,1,1,0,0,11,0,1,0,0,1
30,NF1,"NM_000267.1(NF1):c.1845G>A, p.(=)",1,1,1.0,0.5,0.5,1,0,16.0,0.2759,1,0,0.85,0.75,0.92,0.843,0.4353067536853167,0.8621006192739646,1.87234,17.63395,0.34510706971352,0.0,0,0,1,0,0,0,0,0,0,0,0,0,1,0,0,0,0,0,0,1,0,0,1,1.0,1,1,1,1,0,0,15,0,1,1,0,1
31,NF1,"NM_000267.1(NF1):c.2337_2339delTACinsCAA, p.(Thr780Lys)",0,0,1.0,0.5,0.5,0,0,20.0,0.3448,1,1,0.0,0.0,0.016,0.021,0.4353067536853167,0.8621006192739646,1.87234,17.63395,0.34510706971352,0.0,0,1,0,0,0,0,0,0,0,0,1,0,0,0,0,0,0,0,0,0,1,0,0,0.0,0,0,1,0,1,1,-1,1,1,1,1,0
32,NF1,"NM_000267.1(NF1):c.288+3A>T, p.(?)",1,1,1.0,0.25,0.15,0,3,15.0,0.625,1,0,0.95,0.819999992847443,1.0,0.956,0.4353067536853167,0.8621006192739646,1.87234,17.63395,0.34510706971352,0.0,0,0,1,0,0,0,0,0,0,0,0,0,0,0,0,0,0,0,0,1,0,0,0,0.0,0,0,1,1,0,0,3,0,0,0,0,1
33,NF1,"NM_000267.3(NF1):c.1642-9A>G, p.(?)",1,1,1.0,0.5,0.0,1,9,15.0,0.625,1,0,0.81,0.660000026226044,0.941999999999999,0.999,0.4353067536853167,0.8621006192739646,1.87234,17.63395,0.34510706971352,0.0,0,0,0,0,0,1,0,0,0,0,0,0,0,0,0,0,0,0,1,0,0,0,1,0.85,1,1,1,1,0,0,15,0,1,0,0,1
34,NF1,"NM_000267.3(NF1):c.1722-26T>G, p.(?)",1,1,0.0,1.0,0.85,1,26,15.0,0.625,0,2,0.74,0.600000023841858,0.51,0.012,0.4353067536853167,0.8621006192739646,1.87234,17.63395,0.34510706971352,0.0,0,0,1,0,0,0,0,0,0,0,0,0,0,0,0,0,0,0,0,0,0,1,1,0.85,1,1,1,1,0,0,15,0,1,0,0,1
35,NF1,"NM_000267.3(NF1):c.1845+3A>C, p.(?)",1,1,1.0,1.0,0.9,0,3,15.0,0.625,1,2,0.88,0.75,0.697999999999999,0.948,0.4353067536853167,0.8621006192739646,1.87234,17.63395,0.34510706971352,0.0,0,0,1,0,0,0,0,0,0,0,0,0,1,0,0,0,0,0,0,1,0,0,0,0.0,0,1,1,1,0,0,7,0,1,0,0,1
36,NF1,"NM_000267.3(NF1):c.1845+3A>C, p.(?)",1,1,0.0,1.0,0.9,0,3,15.0,0.625,0,2,0.88,0.75,0.697999999999999,0.948,0.4353067536853167,0.8621006192739646,1.87234,17.63395,0.34510706971352,0.0,0,0,1,0,0,0,0,0,0,0,0,0,1,0,0,0,0,0,0,1,0,0,0,0.0,0,1,1,1,0,0,7,0,1,0,0,1
37,NF1,"NM_000267.3(NF1):c.2251G>A, p.(Gly751Arg)",1,1,1.0,0.5,0.5,1,0,18.0,0.3103,2,1,0.41,0.660000026226044,0.996,0.993,0.4353067536853167,0.8621006192739646,1.87234,17.63395,0.34510706971352,0.0,0,0,1,0,0,0,0,0,0,0,0,0,1,0,0,0,0,0,0,1,0,0,1,1.0,1,1,1,1,0,0,15,0,1,1,0,0
38,NF1,"NM_000267.3(NF1):c.2252G>T, p.(Gly751Val)",1,1,1.0,0.5,0.5,1,0,19.0,0.3276,2,1,0.38,0.639999985694885,0.658,0.999,0.4353067536853167,0.8621006192739646,1.87234,17.63395,0.34510706971352,0.0,0,0,1,0,0,0,0,0,0,0,0,0,1,0,0,0,0,0,1,0,0,0,1,1.0,1,1,1,0,0,0,14,0,1,1,0,0
39,NF1,"NM_000267.3(NF1):c.2710T>A, p.(Cys904Ser)",1,1,1.0,0.25,0.5,0,0,21.0,0.3621,1,0,0.92,0.670000016689301,0.595999999999999,0.704,0.4353067536853167,0.8621006192739646,1.87234,17.63395,0.34510706971352,0.0,0,0,0,0,1,0,0,0,0,0,1,0,0,0,0,0,0,0,0,0,1,0,0,0.0,1,0,1,1,0,0,11,0,1,1,0,1
43,NF1,"NM_000267.3(NF1):c.3315-3C>T, p.(?)",0,0,1.0,0.5,0.5,0,3,15.0,0.625,0,1,0.05,0.100000001490116,0.0759999999999999,0.01,0.4353067536853167,0.8621006192739646,1.87234,17.63395,0.34510706971352,0.0,0,1,0,0,0,0,0,0,0,0,1,0,0,0,0,0,0,0,1,0,0,0,0,0.0,0,0,1,0,1,1,-1,1,1,0,1,0
44,NF1,"NM_000267.3(NF1):c.3870G>C, p.(Lys1290Asn)",1,1,1.0,0.25,0.0,1,0,28.0,0.4828,1,1,0.64,0.819999992847443,0.991999999999999,0.999,0.4353067536853167,0.8621006192739646,1.87234,17.63395,0.34510706971352,0.0,0,0,0,0,0,1,0,0,0,0,0,0,1,0,0,0,0,0,0,1,0,0,1,1.0,1,0,1,1,0,0,11,0,0,1,0,1
45,NF1,"NM_000267.3(NF1):c.3870G>C, p.(Lys1290Asn)",1,1,0.0,0.8,0.8,1,0,28.0,0.4828,0,1,0.64,0.819999992847443,0.991999999999999,0.999,0.4353067536853167,0.8621006192739646,1.87234,17.63395,0.34510706971352,0.0,0,0,0,0,0,1,0,0,0,0,0,0,1,0,0,0,0,0,0,1,0,0,1,1.0,1,1,1,1,0,0,15,0,1,1,0,1
47,NF1,"NM_000267.3(NF1):c.4986C>G, p.(Asn1662Lys)",0,1,1.0,0.15,0.0,0,0,37.0,0.6379,0,0,0.64,0.439999997615814,0.058,0.017,0.4353067536853167,0.8621006192739646,1.87234,17.63395,0.34510706971352,0.0,0,1,0,0,0,0,0,0,0,0,1,0,0,0,0,0,0,0,0,0,1,0,0,0.0,1,0,1,0,0,0,10,0,0,1,0,0
48,NF1,"NM_000267.3(NF1):c.586+3A>T, p.(?)",1,1,1.0,0.75,0.5,1,3,15.0,0.625,1,0,0.77,0.540000021457672,0.963999999999999,0.963,0.4353067536853167,0.8621006192739646,1.87234,17.63395,0.34510706971352,0.0,0,0,1,0,0,0,0,0,0,0,0,0,0,0,0,0,0,0,0,1,0,0,1,0.85,1,1,1,1,0,0,15,0,1,0,0,1
49,NF1,"NM_000267.3(NF1):c.586+3A>T, p.(?)",1,1,0.0,1.0,1.0,1,3,15.0,0.625,0,0,0.77,0.540000021457672,0.963999999999999,0.963,0.4353067536853167,0.8621006192739646,1.87234,17.63395,0.34510706971352,0.0,0,0,1,0,0,0,0,0,0,0,0,0,0,0,0,0,0,0,0,1,0,0,1,0.85,1,1,1,1,0,0,15,0,1,0,0,1
50,NF1,"NM_000267.3(NF1):c.5943G>C, p.(Gln1981His)",1,1,1.0,0.05,0.0,1,0,40.0,0.6897,1,2,0.94,0.829999983310699,0.991999999999999,0.994,0.4353067536853167,0.8621006192739646,1.87234,17.63395,0.34510706971352,0.0,0,0,0,0,1,0,0,0,0,0,0,0,1,0,0,0,0,0,0,1,0,0,1,0.85,1,0,1,1,0,0,11,0,0,1,0,1
51,NF1,"NM_000267.3(NF1):c.5943G>C, p.(Gln1981His)",1,1,0.0,0.5,1.0,1,0,40.0,0.6897,0,2,0.94,0.829999983310699,0.991999999999999,0.994,0.4353067536853167,0.8621006192739646,1.87234,17.63395,0.34510706971352,0.0,0,0,0,0,1,0,0,0,0,0,0,0,1,0,0,0,0,0,0,1,0,0,1,0.85,1,1,1,1,0,0,15,0,1,1,0,1
52,NF1,"NM_000267.3(NF1):c.6085G>T, p.(Val2029Phe)",1,1,1.0,1.0,0.75,1,0,42.0,0.7241,1,1,0.64,0.540000021457672,0.52,0.998,0.4353067536853167,0.8621006192739646,1.87234,17.63395,0.34510706971352,0.0,0,0,1,0,0,0,0,0,0,1,0,0,0,0,0,0,0,0,1,0,0,0,1,0.85,1,1,1,1,0,0,15,0,1,1,0,1
53,NF1,"NM_000267.3(NF1):c.6317_6340del, p.(Ile2106_Cys2113del)",0,0,1.0,0.5,0.5,0,0,42.0,0.7241,0,0,0.07,0.01,0.064,0.043,0.4353067536853167,0.8621006192739646,1.87234,17.63395,0.34510706971352,0.0,0,1,0,0,0,0,0,0,0,0,0,0,0,1,0,0,0,0,0,0,1,0,0,0.0,0,0,1,0,1,1,-1,1,1,1,1,0
54,NF1,"NM_000267.3(NF1):c.6365-3C>G, p.(?)",1,1,1.0,0.25,0.1,1,3,15.0,0.625,1,1,0.91,0.860000014305115,0.993999999999999,0.965,0.4353067536853167,0.8621006192739646,1.87234,17.63395,0.34510706971352,0.0,0,0,0,1,0,0,0,0,0,0,0,0,0,0,0,0,0,0,1,0,0,0,1,0.85,1,0,1,1,0,0,11,0,0,0,0,1
55,NF1,"NM_000267.3(NF1):c.7011A>G, p.(=)",0,0,1.0,0.5,0.5,0,0,48.0,0.8276,1,2,0.0,0.0099999997764825,0.202,0.013,0.4353067536853167,0.8621006192739646,1.87234,17.63395,0.34510706971352,0.0,0,1,0,0,0,0,0,0,0,0,1,0,0,0,0,0,0,0,0,0,1,0,0,0.0,0,0,1,0,1,1,-1,1,1,1,1,0
56,NF1,"NM_000267.3(NF1):c.8300C>T, p.(Ser2767Phe)",0,0,1.0,0.5,0.5,0,0,57.0,0.9828,0,1,0.0,0.0,0.012,0.032,0.4353067536853167,0.8621006192739646,1.87234,17.63395,0.34510706971352,0.0,0,1,0,0,0,0,0,0,0,0,1,0,0,0,0,0,0,0,0,0,1,0,0,0.0,0,0,1,0,1,1,-1,1,1,1,1,0
57,PLOD1,"NM_000302.4(PLOD1):c.1650G>A, p.(=)",0,1,1.0,0.25,0.1,0,0,15.0,0.7895,2,0,0.2,0.439999997615814,0.717999999999999,0.992,0.9016348069696332,0.6865077682321552,44.4004,329.128,0.6842570405079448,0.0,0,0,1,0,0,0,0,0,0,0,1,0,0,0,0,0,0,0,0,1,0,0,0,0.0,1,0,1,0,0,0,10,0,0,1,0,0
58,PTEN,"NM_000314.4(PTEN):c.101C>G, p.(Ala34Gly)",0,0,1.0,0.5,0.5,0,0,2.0,0.2222,1,2,0.0,0.0399999991059303,0.297999999999999,0.015,0.5972332460642497,0.8011282324407814,44.8118,23.4885,0.4512420731092338,0.0,0,1,0,0,0,0,0,0,0,0,0,0,0,1,0,0,0,0,0,0,1,0,0,0.0,0,0,1,0,1,1,-1,1,1,1,1,0
59,TSC1,"NM_000368.4(TSC1):c.2042-5A>G, p.(?)",1,1,1.0,0.5,0.25,1,5,15.0,0.625,1,2,0.95,0.850000023841858,0.957999999999999,0.999,0.233817826065259,0.9379699884980196,3.79888,17.1558,0.3420400119204683,0.0,0,0,0,0,0,1,0,0,0,0,0,0,0,0,0,0,0,0,1,0,0,0,1,0.85,1,1,1,1,0,0,15,0,1,0,0,1
60,TSC1,"NM_000368.4(TSC1):c.664-15A>G, p.(?)",1,1,1.0,0.25,0.25,1,15,15.0,0.625,1,2,0.68,0.680000007152557,0.953999999999999,0.661,0.233817826065259,0.9379699884980196,3.79888,17.1558,0.3420400119204683,0.0,0,0,0,0,0,1,0,0,0,0,0,0,0,0,0,0,0,0,0,0,0,1,1,0.85,1,0,1,1,0,0,11,0,0,0,0,1
61,TSC1,"NM_000368.4(TSC1):c.664-15A>G, p.(?)",1,1,0.0,0.2,0.0,1,15,15.0,0.625,0,2,0.68,0.680000007152557,0.953999999999999,0.661,0.233817826065259,0.9379699884980196,3.79888,17.1558,0.3420400119204683,0.0,0,0,0,0,0,1,0,0,0,0,0,0,0,0,0,0,0,0,0,0,0,1,1,0.85,1,0,1,1,0,0,11,0,0,0,0,1
62,TSC1,"NM_000368.5(TSC1):c.2626-90A>G, p.(?)",0,0,1.0,0.5,0.5,0,90,15.0,0.625,1,0,0.0,0.0,0.0,0.006,0.233817826065259,0.9379699884980196,3.79888,17.1558,0.3420400119204683,0.0,0,1,0,0,0,0,0,0,0,0,0,0,0,0,0,0,0,0,0,0,0,1,0,0.0,0,0,1,0,1,1,-1,1,1,0,1,0
63,TSC1,"NM_000368.5(TSC1):c.913+21T>G, p.(?)",1,1,1.0,0.5,0.25,1,21,15.0,0.625,2,2,0.77,0.810000002384186,0.034,0.009,0.233817826065259,0.9379699884980196,3.79888,17.1558,0.3420400119204683,0.0,0,0,0,1,0,0,0,0,0,0,0,0,0,0,0,0,0,0,0,0,0,1,1,0.85,1,1,1,1,0,0,15,0,1,0,0,1
64,PAFAH1B1,"NM_000430.3(PAFAH1B1):c.33-3C>T, p.(?)",1,1,1.0,0.25,0.5,1,3,15.0,0.625,2,0,0.01,0.0599999986588955,0.617999999999999,0.013,0.109529635620105,0.9847699130519604,25.198,62.23665,0.4892739306207164,0.0,0,0,1,0,0,0,0,0,0,0,0,0,0,0,0,0,0,0,1,0,0,0,1,0.85,1,0,1,0,1,0,9,0,1,0,0,0
65,UBE3A,"NM_000462.3(UBE3A):c.1618-2A>C, p.(?)",1,1,1.0,0.25,0.0,1,2,15.0,0.625,1,0,1.0,0.0,1.0,0.997,0.1419549233738262,0.9725603779780418,1.40525,16.999299999999998,0.3410185841336108,0.0,0,0,0,0,1,0,0,0,0,0,0,0,0,0,0,0,0,0,1,0,0,0,1,0.85,1,0,1,1,0,0,11,0,0,1,0,0
66,RYR1,"NM_000540.3(RYR1):c.10348-6C>G, p.(?)",1,1,0.0,0.0,0.25,1,6,15.0,0.625,0,1,0.47,0.379999995231628,0.264,0.053,0.6410018813403003,0.7846474322826036,0.23797,0.050765,0.0251868014942938,0.0,0,0,0,1,0,0,0,0,0,0,0,0,0,0,0,0,0,0,1,0,0,0,1,0.85,1,0,1,0,0,0,10,0,0,0,0,0
67,RYR1,"NM_000540.3(RYR1):c.7028-10G>A, p.(?)",1,1,0.0,0.0,0.25,1,10,15.0,0.625,0,2,1.0,0.889999985694885,0.597999999999999,1.0,0.6410018813403003,0.7846474322826036,0.23797,0.050765,0.0251868014942938,0.0,0,0,0,1,0,0,0,0,0,0,0,0,0,0,0,0,0,0,1,0,0,0,1,0.85,1,0,1,1,0,0,11,0,0,0,0,1
68,TSC2,"NM_000548.3(TSC2):c.1033_1035delinsTTA, p.(=)",0,1,1.0,0.5,0.5,0,0,11.0,0.2619,1,1,0.33,0.25,0.658,0.014,0.1955335916011317,0.9523856725474,13.7641,29.3537,0.4026763216499942,0.0,0,0,0,0,1,0,0,0,0,0,1,0,0,0,0,0,0,0,0,0,1,0,0,0.0,1,1,1,0,0,0,14,0,1,1,0,0
69,TSC2,"NM_000548.3(TSC2):c.1033_1035delinsTTA, p.(=)",0,1,1.0,0.9,0.25,0,0,11.0,0.2619,0,1,0.33,0.25,0.658,0.014,0.1955335916011317,0.9523856725474,13.7641,29.3537,0.4026763216499942,0.0,0,0,0,0,1,0,0,0,0,0,1,0,0,0,0,0,0,0,0,0,1,0,0,0.0,1,1,1,0,0,0,14,0,1,1,0,0
70,TSC2,"NM_000548.3(TSC2):c.152A>C, p.(Glu51Ala)",0,0,1.0,0.5,0.5,0,0,3.0,0.0714,0,0,0.0,0.0099999997764825,0.806,0.007,0.1955335916011317,0.9523856725474,13.7641,29.3537,0.4026763216499942,0.0,0,1,0,0,0,0,0,0,0,0,1,0,0,0,0,0,0,0,0,0,1,0,0,0.0,0,0,1,0,1,1,-1,1,1,1,0,0
71,TSC2,"NM_000548.3(TSC2):c.1717-785_1717-784delAG, p.(?)",0,0,1.0,0.5,0.5,0,785,15.0,0.625,1,0,0.0,0.0,0.0,0.006,0.1955335916011317,0.9523856725474,13.7641,29.3537,0.4026763216499942,0.0,0,1,0,0,0,0,0,0,1,0,0,0,0,0,0,0,0,0,0,0,0,1,0,0.0,0,0,1,0,1,1,-1,1,1,0,1,0
72,TSC2,"NM_000548.3(TSC2):c.1947-23A>G, p.(?)",1,1,0.0,0.95,0.2,1,23,15.0,0.625,2,1,0.17,0.5,0.843999999999999,0.038,0.1955335916011317,0.9523856725474,13.7641,29.3537,0.4026763216499942,0.0,0,0,0,0,1,0,0,0,1,0,0,0,0,0,0,0,0,0,0,0,0,1,1,0.85,1,1,1,0,0,0,14,0,1,0,0,0
73,TSC2,"NM_000548.3(TSC2):c.226-6T>G, p.(?)",1,1,1.0,0.5,0.5,0,6,15.0,0.625,1,0,0.03,0.0299999993294477,0.72,0.019,0.1955335916011317,0.9523856725474,13.7641,29.3537,0.4026763216499942,0.0,0,0,1,0,0,0,0,0,0,0,0,0,0,0,0,0,0,0,1,0,0,0,0,0.0,0,1,1,0,1,0,5,0,1,0,0,0
74,TSC2,"NM_000548.3(TSC2):c.2838-125C>A, p.(?)",0,1,1.0,1.0,1.0,1,125,15.0,0.625,1,0,0.82,0.529999971389771,0.0739999999999999,0.01,0.1955335916011317,0.9523856725474,13.7641,29.3537,0.4026763216499942,0.0,0,0,0,1,0,0,0,0,1,0,0,0,0,0,0,0,0,0,0,0,0,1,1,0.85,1,1,1,1,0,0,15,0,1,0,0,1
75,TSC2,"NM_000548.3(TSC2):c.-29-4A>C, p.(?)",0,1,1.0,0.25,0.25,0,0,15.0,0.625,1,0,0.09,0.310000002384186,0.058,0.007,0.1955335916011317,0.9523856725474,13.7641,29.3537,0.4026763216499942,0.0,0,0,0,0,0,1,0,0,0,0,0,0,0,0,0,0,0,0,1,0,0,0,0,0.0,1,0,1,0,1,0,9,0,0,1,0,0
76,TSC2,"NM_000548.3(TSC2):c.-29-4A>C, p.(?)",0,1,1.0,0.25,0.25,0,0,15.0,0.625,0,0,0.09,0.310000002384186,0.058,0.007,0.1955335916011317,0.9523856725474,13.7641,29.3537,0.4026763216499942,0.0,0,0,0,0,0,1,0,0,0,0,0,0,0,0,0,0,0,0,1,0,0,0,0,0.0,1,0,1,0,1,0,9,0,0,1,0,0
77,TSC2,"NM_000548.3(TSC2):c.2967-460G>A, p.(?)",0,1,1.0,0.75,1.0,1,460,15.0,0.625,1,0,0.35,0.200000002980232,0.16,0.075,0.1955335916011317,0.9523856725474,13.7641,29.3537,0.4026763216499942,0.0,0,0,0,1,0,0,0,0,1,0,0,0,0,0,0,0,0,0,0,0,0,1,1,0.85,1,1,1,0,0,0,14,0,1,0,0,0
78,TSC2,"NM_000548.3(TSC2):c.599+4A>G, p.(?)",1,1,1.0,0.5,0.4,1,4,15.0,0.625,1,1,0.75,0.550000011920929,0.96,0.99,0.1955335916011317,0.9523856725474,13.7641,29.3537,0.4026763216499942,0.0,0,0,0,0,1,0,0,0,0,0,0,0,0,0,0,0,0,0,0,1,0,0,1,0.85,1,1,1,1,0,0,15,0,1,0,0,1
79,TSC2,"NM_000548.5(TSC2):c.3879G>A, p.(Trp1293*)",0,0,1.0,0.5,0.5,0,0,32.0,0.7619,1,0,0.15,0.0299999993294477,0.188,0.017,0.1955335916011317,0.9523856725474,13.7641,29.3537,0.4026763216499942,0.0,1,1,0,0,0,0,0,0,0,0,0,0,0,0,1,0,0,0,0,0,1,0,0,0.0,0,0,1,0,1,1,-1,1,1,1,1,0
80,TSC2,"NM_000548.5(TSC2):c.700G>C, p.(Glu234Gln)",0,0,1.0,0.5,0.5,0,0,8.0,0.1905,0,0,0.0,0.0,0.0519999999999999,0.013,0.1955335916011317,0.9523856725474,13.7641,29.3537,0.4026763216499942,0.0,0,1,0,0,0,0,0,0,0,0,1,0,0,0,0,0,0,0,0,0,1,0,0,0.0,0,0,1,0,1,1,-1,1,1,1,1,0
81,RPL5,"NM_000969.3(RPL5):c.333T>C, p.(Asn111=)",0,0,1.0,0.5,0.5,0,0,5.0,0.625,1,2,0.0,0.0500000007450581,0.042,0.252,0.123623413319417,0.97946299104557,299.38,2120.09,0.9037350313863972,0.0,0,1,0,0,0,0,0,0,0,0,1,0,0,0,0,0,0,0,0,0,1,0,0,0.0,0,0,1,0,1,1,-1,1,1,1,0,0
82,PKD1,"NM_001009944.2(PKD1):c.5830G>A, p.(Gly1944Arg)",0,0,1.0,0.5,0.5,0,0,15.0,0.3261,1,1,0.0,0.0,0.0179999999999999,0.026,0.2693776848355739,0.9245801507214862,1.99988,32.0037,0.4125518913048069,0.0,0,1,0,0,0,0,0,0,0,0,1,0,0,0,0,0,0,0,0,0,1,0,0,0.0,0,0,1,0,1,1,-1,1,1,1,1,0
83,WDR45,"NM_001029896.1(WDR45):c.147C>T, p.(=) ",1,1,1.0,0.25,0.25,0,0,4.0,0.3636,1,2,0.27,0.109999999403954,0.528,0.061,0.2305819534109534,0.939188435685522,56.4709,30.9529,0.4779938506550306,0.0,0,0,1,0,0,0,0,0,0,0,0,0,0,1,0,0,0,0,0,0,1,0,0,0.0,1,0,1,0,0,0,10,0,0,1,0,0
84,EFEMP1,"NM_001039348.2(EFEMP1):c.81+1G>A, p.(?)",1,1,1.0,0.5,0.15,0,1,15.0,0.625,2,0,0.97,0.829999983310699,1.0,0.976,0.4059823823100134,0.8731425240843941,0.39799,416.031,0.7118280023981922,0.0,1,0,1,0,0,0,0,0,1,0,0,0,0,0,0,0,0,0,0,1,0,0,0,0.0,1,1,1,1,0,0,15,0,1,1,0,1
85,USP9X,"NM_001039590.3(USP9X):c.6435+4A>G, p.(?)",0,1,1.0,0.1,0.1,0,4,15.0,0.625,1,0,0.45,0.259999990463257,0.804,0.959,0.0690825629990267,1.0,13.6714,44.1141,0.4494313592765032,0.0,0,0,0,0,1,0,0,0,0,0,0,0,0,0,0,0,0,0,0,1,0,0,0,0.0,0,0,1,0,0,0,2,0,0,0,0,0
86,MYH11,"NM_001040113.1(MYH11):c.1423-12C>G, p.(?)",0,0,1.0,0.5,0.5,0,12,15.0,0.625,2,0,0.02,0.0299999993294477,0.04,0.006,0.3907486461247199,0.8788786901802468,1.58133,1.37953,0.111886611240884,0.0,0,1,0,0,0,0,0,0,0,0,0,0,0,0,0,0,0,0,1,0,0,0,0,0.0,0,0,1,0,1,1,-1,1,1,0,1,0
87,NF1,"NM_001042492.2(NF1):c.4170_4173del, p.(Ser1391Trpfs*14)",1,1,1.0,0.25,0.0,1,0,31.0,0.5345,1,0,0.04,0.85,0.285999999999999,0.256,0.4353067536853167,0.8621006192739646,1.87234,17.63395,0.34510706971352,0.0,0,0,0,0,1,0,0,0,0,0,0,0,0,0,0,1,0,0,0,1,0,0,1,0.85,1,0,1,0,0,0,10,0,0,1,0,0
88,NF1,"NM_001042492.2(NF1):c.4170_4173del, p.(Ser1391Trpfs*14)",1,1,1.0,0.25,0.5,1,0,31.0,0.5345,0,0,0.04,0.85,0.285999999999999,0.256,0.4353067536853167,0.8621006192739646,1.87234,17.63395,0.34510706971352,0.0,0,0,0,0,1,0,0,0,0,0,0,0,0,0,0,1,0,0,0,1,0,0,1,0.85,1,0,1,0,0,0,10,0,1,1,0,0
89,TUBG1,"NM_001070.4(TUBG1):c.50-3C>A, p.(?)",0,0,1.0,0.5,0.5,0,3,15.0,0.625,2,0,0.36,0.28999999165535,0.99,0.083,0.588902491431664,0.804265124907282,9.13907,73.8485,0.50916423690601,0.0,0,1,0,0,0,0,0,0,0,0,0,0,0,0,0,0,0,0,1,0,0,0,0,0.0,0,0,1,0,0,1,0,1,1,0,0,0
90,NPRL3,"NM_001077350.2(NPRL3):c.319-2A>G, p.(?)",0,1,1.0,0.25,0.5,0,2,15.0,0.625,1,1,0.95,0.860000014305115,1.0,0.975,0.5693592614073371,0.8116240033928643,63.4675,42.3584,0.4915483667680294,0.0,0,0,0,0,1,0,0,0,0,0,0,0,0,0,0,0,0,0,1,0,0,0,0,0.0,1,0,1,1,0,0,11,0,1,1,0,1
91,TBX20,"NM_001077653.2(TBX20):c.1002A>T, p.(=)",0,0,1.0,0.5,0.5,0,0,7.0,0.875,2,0,0.42,0.25,0.658,0.06,0.3367900577147707,0.8991964521299398,0.0,0.0,0.0,0.0,0,1,0,0,0,0,0,0,0,0,0,0,1,0,0,0,0,0,0,1,0,0,0,0.0,0,0,1,0,0,1,0,1,1,1,0,0
92,CC2D2A,"NM_001080522.2(CC2D2A):c.3976-3C>A, p.(?)",1,1,1.0,0.95,1.0,0,3,15.0,0.625,2,1,0.68,0.579999983310699,0.98,0.101,0.831922734091677,0.7127574041750555,0.22795,7.734719999999999,0.2557115803061973,0.0,0,0,1,0,0,0,0,0,0,0,0,0,0,0,0,0,0,0,1,0,0,0,0,0.0,0,1,1,1,0,0,7,0,1,0,0,1
93,THOC2,"NM_001081550.1(THOC2):c.4754+1A>G, p.(?)",0,1,0.0,0.05,0.0,1,1,15.0,0.625,1,0,0.04,0.0,0.0219999999999999,0.459,0.1321237104124943,0.97626225844807,3.68752,39.62415,0.4370626452287526,0.0,0,0,0,0,0,0,0,1,0,0,0,0,1,0,0,0,0,0,0,1,0,0,1,0.85,1,0,1,0,1,0,9,0,0,1,0,0
94,FLNA,"NM_001110556.1(FLNA):c.5217+5G>C, p.(?)",0,0,1.0,0.5,0.5,0,5,15.0,0.625,1,1,0.67,0.479999989271164,0.865999999999999,0.064,0.0834456083506969,0.9945916869783408,193.035,918.9165,0.8051693005923798,0.0,0,1,0,0,0,0,0,0,1,0,0,0,0,0,0,0,0,0,0,1,0,0,0,0.0,0,0,1,0,0,1,0,1,1,0,0,0
95,TGFB2,"NM_001135599.3(TGFB2):c.831A>G, p.(=)",0,0,1.0,0.5,0.5,0,0,4.0,0.5714,2,2,0.18,0.239999994635582,0.402,0.006,0.4835880924784268,0.8439205894192545,0.01875,1.79484,0.1212629629538844,0.0,0,1,0,0,0,0,0,0,0,0,1,0,0,0,0,0,0,0,0,0,1,0,0,0.0,0,0,1,0,0,1,0,1,1,1,0,0
96,NONO,"NM_001145408.1(NONO):c.944-6T>G, p.(?)",0,0,1.0,0.5,0.5,0,6,15.0,0.625,1,0,0.06,0.0299999993294477,0.678,0.023,0.2945900969352681,0.9150865779221524,34.3437,131.70299999999995,0.5767285767301344,0.0,0,1,0,0,0,0,0,0,0,0,0,0,0,0,0,0,0,0,1,0,0,0,0,0.0,0,0,1,0,1,1,-1,1,1,0,0,0
97,GATA2,"NM_001145661.1(GATA2):c.1143+5G>A, p.(?)",1,1,1.0,0.1,0.5,1,5,15.0,0.625,2,0,0.18,0.699999988079071,0.99,0.95,0.3312948733877051,0.9012656287025133,1.00496,6.04369,0.2303241123455078,0.0,0,0,0,0,0,1,0,0,0,0,1,0,0,0,0,0,0,0,0,1,0,0,1,0.85,1,0,1,1,0,0,11,0,1,0,0,0
98,ENTPD1,"NM_001164179.1(ENTPD1):c.146A>G, p.(Tyr49Cys)",0,0,1.0,0.5,0.5,0,0,3.0,0.3,0,0,0.0,0.0,0.658,0.013,0.7740217457009703,0.734559651665974,22.6778,2.319745,0.3733709172565128,0.0,0,1,0,0,0,0,0,0,0,0,0,0,1,0,0,0,0,0,1,0,0,0,0,0.0,0,0,1,0,1,1,-1,1,1,1,0,0
99,PNPLA6,"NM_001166111.1(PNPLA6):c.1635+10_1635+18delinsGT, p.(?)",1,1,1.0,0.25,0.0,0,10,15.0,0.625,1,1,0.01,0.3550000041723255,0.0,0.009,0.8032536445520583,0.7235525667941171,56.9747,37.4765,0.4790236289074674,0.0,0,0,1,0,0,0,0,0,0,0,0,0,0,0,0,0,0,0,0,0,0,1,0,0.0,0,0,1,0,1,0,1,0,0,0,0,0
101,KANSL1,"NM_001193466.1(KANSL1):c.2725-6T>C, p.(?)",0,0,1.0,0.5,0.5,0,6,15.0,0.625,1,2,0.36,0.379999995231628,0.042,0.031,0.303342412294369,0.9117909494556732,9.69104,10.97955,0.2929827593421211,0.0,0,1,0,0,0,0,0,0,0,0,1,0,0,0,0,0,0,0,1,0,0,0,0,0.0,0,0,1,0,0,1,0,1,1,0,0,0
102,KMT2A,"NM_001197104.1(KMT2A):c.8387G>T, p.(Gly2796Val)",0,0,1.0,0.5,0.5,0,0,27.0,0.75,2,0,0.0,0.0199999995529652,0.042,0.015,0.0703803257914198,0.999511335706511,2.3907,14.8456,0.3259823393730957,0.0,0,1,0,0,0,0,0,0,0,0,1,0,0,0,0,0,0,0,0,0,1,0,0,0.0,0,0,1,0,1,1,-1,1,1,1,1,0
103,TTN,"NM_001267550.1(TTN):c.105134A>G, p.(Asp35045Gly)",0,0,1.0,0.5,0.5,0,0,358.0,0.9862,2,1,0.0,0.0,0.0759999999999999,0.131,0.493589473220769,0.8401546333577782,0.29191,0.34763,0.0352008037329532,0.0,0,1,0,0,0,0,0,0,0,0,1,0,0,0,0,0,0,0,0,0,1,0,0,0.0,0,0,1,0,1,1,-1,1,1,1,1,0
104,TUBA1A,"NM_001270399.1(TUBA1A):c.78G>A, p.(Leu26Leu)",0,0,1.0,0.5,0.5,0,0,2.0,0.5,2,0,0.0,0.0,0.345999999999999,0.006,0.3797237342677902,0.8830300503478552,141.341,250.2875,0.6520607173323222,0.0,0,1,0,0,0,0,0,0,0,0,1,0,0,0,0,0,0,0,0,0,1,0,0,0.0,0,0,1,0,1,1,-1,1,1,1,1,0
105,MEGF8,"NM_001271938.2(MEGF8):c.6395G>A, p.(Arg2132Gln)",0,0,1.0,0.5,0.5,0,0,36.0,0.8571,2,1,0.06,0.0900000035762787,0.778,0.006,0.5882904524451683,0.8044955842798859,1.2808,28.7152,0.4001679738136374,0.0,0,1,0,0,0,0,0,0,0,0,1,0,0,0,0,0,0,0,0,0,1,0,0,0.0,0,0,1,0,1,1,-1,1,1,1,0,0
106,PHRF1,"NM_001286581.1(PHRF1):c.2261_2267dup, p.(His756Glnfs*22)",0,0,1.0,0.5,0.5,0,0,14.0,0.7778,2,0,0.0,0.0,0.002,0.006,0.4353067536853167,0.8621006192739646,11.8254,37.31229999999999,0.4301496467483033,0.0,0,1,0,0,0,0,0,0,0,0,1,0,0,0,0,0,0,0,0,0,1,0,0,0.0,0,0,1,0,1,1,-1,1,1,1,1,0
107,CLTC,"NM_001288653.1(CLTC):c.381G>A, p.(=)",1,1,1.0,0.5,0.5,0,0,3.0,0.0938,1,0,0.97,0.730000019073486,0.134,0.006,0.1241132989574193,0.9792785277364136,30.0988,188.8035,0.6189528798373813,0.0,0,0,0,0,1,0,0,0,0,0,1,0,0,0,0,0,0,0,0,0,1,0,0,0.0,1,1,1,1,0,0,15,0,1,1,0,1
108,PMS2,"NM_001322014.1(PMS2):c.269C>G, p.(Ser90Cys)",0,0,1.0,0.5,0.5,0,0,4.0,0.2667,2,0,0.13,0.259999990463257,0.388,0.477,0.936895169020048,0.6732307040332663,1.5384,9.342655,0.2756477459935016,0.0,0,1,0,0,0,0,0,0,0,0,0,0,0,1,0,0,0,0,0,0,1,0,0,0.0,0,0,1,0,0,1,0,1,1,1,0,0
109,FUZ,"NM_001352262.1(FUZ):c.851G>C, p.(Arg284Pro)",0,0,1.0,0.5,0.5,0,0,8.0,0.7273,1,0,0.0,0.0,0.196,0.006,0.9701341319488614,0.6607147847673395,8.51765,14.43415,0.3228782156419199,0.0,0,1,0,0,0,0,0,0,0,0,0,0,0,1,0,0,0,0,0,0,1,0,0,0.0,0,0,1,0,1,1,-1,1,1,1,1,0
110,XPA,NM_001354975.1(XPA):c.605A>G p.(His202Arg),0,0,1.0,0.5,0.5,0,0,15.0,0.625,2,0,0.07,0.680000007152557,0.658,0.234,1.0438864678411492,0.6329438135827596,3.25363,15.51055,0.3308324705274606,0.0,0,1,0,0,0,0,0,0,0,0,0,0,0,1,0,0,0,0,0,0,1,0,0,0.0,0,0,1,0,0,1,0,1,1,1,0,0
111,DDX3X,"NM_001356.4(DDX3X):c.1023C>T, p.(=)",1,1,1.0,0.05,0.0,0,0,10.0,0.5882,1,0,0.91,0.889999985694885,0.762,0.13,0.1736053715224142,0.960642603810222,36.5234,84.19355,0.524438653611053,0.0,0,0,0,0,1,0,0,0,0,0,0,0,1,0,0,0,0,0,0,1,0,0,0,0.0,1,0,1,1,0,0,11,0,0,1,0,1
112,ERLIN2,"NM_001362878.1(ERLIN2):c.557+74_557+78del, p.(?)",1,1,1.0,0.5,0.75,1,74,15.0,0.625,2,0,0.42,0.32,0.658,0.103,0.756134024394657,0.7412951589139196,3.51505,32.70765,0.4150420004600695,0.0,0,0,0,1,0,0,0,0,0,0,0,0,0,0,0,0,0,0,0,0,0,1,1,0.85,1,1,1,0,0,0,14,0,1,0,0,0
113,MEN1,"NM_001370259.2(MEN1):c.1158C>T, p.(=)",1,1,1.0,0.5,0.0,1,0,8.0,0.8,1,0,0.99,0.870000004768372,0.658,0.104,0.2042496158123314,0.9491037092809504,9.32879,38.51955,0.433810100081311,0.0,0,0,0,0,1,0,0,0,0,0,1,0,0,0,0,0,0,0,0,0,1,0,1,0.6,1,1,1,1,0,0,15,0,1,1,0,1
114,DNMT1,"NM_001379.3(DNMT1):c.80+1G>A, p.(?)",0,1,1.0,0.25,1.0,1,1,15.0,0.625,1,0,1.0,0.829999983310699,1.0,0.973,0.1643998803545484,0.964108872734044,5.79939,37.861,0.4318274281965835,0.0,1,0,0,1,0,0,0,0,0,0,0,0,0,0,0,0,0,0,0,1,0,0,1,0.85,1,0,1,1,0,0,11,0,1,1,0,1
116,GDI1,"NM_001493.2(GDI1):c.399C>T, p.(=)",0,0,1.0,0.5,0.5,0,0,5.0,0.4545,1,2,0.02,0.0199999995529652,0.25,0.054,0.1497058117467099,0.9696418304492882,112.943,101.33,0.5587457260903277,0.0,0,1,0,0,0,0,0,0,0,0,1,0,0,0,0,0,0,0,0,0,1,0,0,0.0,0,0,1,0,1,1,-1,1,1,1,1,0
117,CLCN4,"NM_001830.3(CLCN4):c.1389G>A, p.(=)",1,1,1.0,1.0,0.5,1,0,9.0,0.6923,1,0,0.01,0.0199999995529652,0.526,0.553,0.113735859832342,0.9831860861808424,0.51786,1.388305,0.1027166439499586,0.0,0,0,0,0,0,1,0,0,0,0,0,0,1,0,0,0,0,0,0,1,0,0,1,0.85,1,1,1,0,0,0,14,0,1,1,0,0
118,COL6A1,"NM_001848.2(COL6A1):c.904-10G>A, p.(?)",1,1,1.0,0.25,0.5,0,10,15.0,0.625,2,1,0.99,0.870000004768372,0.585999999999999,1.0,0.6617409422719411,0.7768382713040418,1.76104,2342.325,0.9154912374072778,0.0,0,0,1,0,0,0,0,0,0,0,0,0,0,0,0,0,0,0,1,0,0,0,0,0.0,0,0,1,1,0,0,3,0,1,0,0,1
119,FBN2,"NM_001999.3(FBN2):c.2940C>T, p.(=)",0,0,1.0,0.5,0.5,0,0,23.0,0.3538,1,0,0.03,0.0299999993294477,0.477999999999999,0.007,0.3472869475382594,0.8952439152876959,0.64728,128.178,0.5735521302506139,0.0,0,1,0,0,0,0,0,0,0,0,1,0,0,0,0,0,0,0,0,0,1,0,0,0.0,0,0,1,0,1,1,-1,1,1,1,1,0
120,FBN2,"NM_001999.3(FBN2):c.7841-3C>T, p.(?)",0,0,1.0,0.5,0.5,0,3,15.0,0.625,1,1,0.11,0.0199999995529652,0.458,0.343,0.3472869475382594,0.8952439152876959,0.64728,128.178,0.5735521302506139,0.0,0,1,0,0,0,0,0,0,1,0,0,0,0,0,0,0,0,0,1,0,0,0,0,0.0,0,0,1,0,0,1,0,1,1,0,0,0
121,MSX2,"NM_002449.4(MSX2):c.379+5G>T, p.(?)",1,1,1.0,0.25,0.0,1,5,15.0,0.625,0,1,0.81,0.800000011920929,1.0,0.969,0.9215003860104924,0.6790275112825394,0.0,5.18017,0.2148931583821904,0.0,0,0,0,1,0,0,0,0,0,0,0,0,0,0,1,0,0,0,0,1,0,0,1,0.85,1,0,1,1,0,0,11,0,0,0,0,1
122,MYH6,"NM_002471.3(MYH6):c.5661G>A, p.(=)",0,0,1.0,0.5,0.5,0,0,37.0,0.9487,0,0,0.03,0.0500000007450581,0.926,0.787,0.6545288558678166,0.7795539363916147,0.3133,0.100525,0.0321562430674023,0.0,0,1,0,0,0,0,0,0,0,0,0,0,1,0,0,0,0,0,0,1,0,0,0,0.0,0,0,1,0,0,1,0,1,1,1,0,0
123,MYH8,"NM_002472.2(MYH8):c.3254+1G>A, p.(?)",0,1,0.0,1.0,1.0,1,1,15.0,0.625,0,1,0.99,0.0,0.993999999999999,0.981,0.818672659173835,0.7177466352859767,0.0,0.010485,0.0012306419519764,0.0,0,0,0,1,0,0,0,0,0,0,0,0,0,0,0,0,0,0,0,1,0,0,1,0.85,1,1,1,1,0,0,15,0,1,1,0,0
124,PLCG2,"NM_002661.5(PLCG2):c.3514A>G, p.(Ser1172Gly)",0,0,1.0,0.5,0.5,0,0,31.0,0.9394,1,1,0.0,0.0099999997764825,0.066,0.013,0.4802359435754246,0.8451828196858002,29.3717,0.2090449999999999,0.4027462675583605,0.0,0,1,0,0,0,0,0,0,0,0,1,0,0,0,0,0,0,0,0,0,1,0,0,0.0,0,0,1,0,1,1,-1,1,1,1,1,0
125,SLC6A1,"NM_003042.3(SLC6A1):c.1325G>T, p.(Gly442Val)",0,0,1.0,0.5,0.5,0,0,13.0,0.8125,0,0,0.46,0.119999997317791,0.0859999999999999,0.974,0.1268964457310424,0.9782305515887072,0.01681,0.01115,0.0019668578147763,0.0,0,1,0,0,0,0,0,0,0,1,0,0,0,0,0,0,0,0,1,0,0,0,0,0.0,0,0,1,0,0,1,0,1,1,1,0,0
128,SORL1,"NM_003105.5(SORL1):c.4369+5G>A, p.(?)",0,1,1.0,0.05,0.05,1,5,15.0,0.625,1,2,0.85,0.699999988079071,1.0,0.814,0.5376377340504195,0.8235685419827524,120.972,0.0679599999999999,0.5667797634226053,0.0,0,0,0,0,0,1,0,0,1,0,0,0,0,0,0,0,0,0,0,1,0,0,1,0.85,1,0,1,1,0,0,11,0,0,0,0,1
129,SORL1,"NM_003105.5(SORL1):c.4369+5G>A, p.(?)",0,1,1.0,1.0,1.0,1,5,15.0,0.625,0,2,0.85,0.699999988079071,1.0,0.814,0.5376377340504195,0.8235685419827524,120.972,0.0679599999999999,0.5667797634226053,0.0,0,0,0,0,0,1,0,0,1,0,0,0,0,0,0,0,0,0,0,1,0,0,1,0.85,1,1,1,1,0,0,15,0,1,0,0,1
130,TAF2,"NM_003184.3(TAF2):c.2558+691G>C, p.(?)",0,1,1.0,0.1,0.0,1,691,15.0,0.625,0,1,0.22,0.0299999993294477,0.002,0.007,0.5449821460919528,0.820803050521289,1.41874,13.9315,0.3189717594569489,0.0,0,0,0,0,0,0,1,0,0,0,0,0,0,0,0,0,0,0,0,0,0,1,1,0.85,1,0,1,0,1,0,9,0,0,0,0,0
131,TFR2,"NM_003227.3(TFR2):c.1473G>A, p.(=) ",0,0,0.0,0.5,0.5,0,0,12.0,0.6316,1,1,0.52,0.689999997615814,1.0,0.992,0.857498492257437,0.7031270157344451,4.07705,0.643475,0.1916953100186927,0.0,0,1,0,0,0,0,0,0,0,0,0,0,1,0,0,0,0,0,0,1,0,0,0,0.0,0,0,1,1,0,0,3,0,1,1,0,1
133,PPFIA1,"NM_003626.3(PPFIA1):c.2234C>G, p.(Ser745Cys)",0,0,1.0,0.5,0.5,0,0,17.0,0.6071,1,0,0.0,0.0,0.03,0.006,0.2328880963509959,0.9383200722857652,6.52981,16.83645,0.3399462393703408,0.0,0,1,0,0,0,0,0,0,0,0,1,0,0,0,0,0,0,0,0,0,1,0,0,0.0,0,0,1,0,1,1,-1,1,1,1,1,0
134,AIFM1,"NM_004208.3(AIFM1):c.1117G>A, p.(Gly373Glu)",1,1,0.0,0.75,0.95,1,0,11.0,0.6875,0,0,0.37,0.230000004172325,0.8,0.01,0.1499954268254044,0.9695327777405468,3.54727,15.40845,0.3301005891753698,0.0,0,0,0,1,0,0,0,0,0,0,1,0,0,0,0,0,0,0,0,0,1,0,1,0.85,1,1,1,0,0,0,14,0,1,1,0,0
135,ALK,"NM_004304.3(ALK):c.1913-8T>G, p.(?)",0,1,1.0,0.05,0.05,1,8,15.0,0.625,0,0,0.03,0.0900000035762787,0.0379999999999999,0.008,0.5503952688319909,0.8187647737153619,0.00625,0.01087,0.0012755866350805,0.0,0,0,0,1,0,0,0,0,1,0,0,0,0,0,0,0,0,0,1,0,0,0,1,0.85,1,0,1,0,1,0,9,0,0,0,1,0
136,DSP,"NM_004415.2(DSP):c.2793+3A>G, p.(?)",1,1,1.0,0.25,0.0,1,3,15.0,0.625,2,0,0.99,0.829999983310699,0.97,0.968,0.4583958425489723,0.8534065702821165,0.28919,8.822355,0.2695578206300688,0.0,0,0,0,1,0,0,0,0,1,0,0,0,0,0,0,0,0,0,0,1,0,0,1,0.85,1,0,1,1,0,0,11,0,0,0,0,1
137,DSP,"NM_004415.2(DSP):c.3609_3610delinsAG, p.(Met1203_Ser1204delinsIleGly)",0,0,1.0,0.5,0.5,0,0,23.0,0.9583,2,1,0.01,0.0500000007450581,0.0759999999999999,0.347,0.4583958425489723,0.8534065702821165,0.28919,8.822355,0.2695578206300688,0.0,0,1,0,0,0,0,0,0,0,0,0,0,0,0,1,0,0,0,0,0,1,0,0,0.0,0,0,1,0,1,1,-1,1,1,1,0,0
138,BAP1,"NM_004656.3(BAP1):c.200A>G, p.(Asp67Gly)",1,1,1.0,0.75,0.5,0,0,4.0,0.2353,2,0,0.96,0.790000021457672,0.684,0.172,0.3146279492740834,0.9075414525621256,38.1267,63.4747,0.4915615431932615,0.0,0,0,0,0,1,0,0,0,0,0,1,0,0,0,0,0,0,0,0,0,1,0,0,0.0,1,1,1,1,0,0,15,0,1,1,0,1
139,BAP1,"NM_004656.3(BAP1):c.535C>T, p.(Arg179Trp )",0,0,1.0,0.5,0.5,0,0,7.0,0.4118,1,1,0.0,0.0199999995529652,0.0459999999999999,0.006,0.3146279492740834,0.9075414525621256,38.1267,63.4747,0.4915615431932615,0.0,0,1,0,0,0,0,0,0,0,0,1,0,0,0,0,0,0,0,0,0,1,0,0,0.0,0,0,1,0,1,1,-1,1,1,1,1,0
141,KRIT1,"NM_004912.3(KRIT1):c.263-18C>G, p.(?)",1,1,1.0,0.25,0.0,1,18,15.0,0.625,2,0,0.57,0.689999997615814,0.937999999999999,0.994,0.6020634682534697,0.7993094431155475,0.99706,13.0625,0.3118971590243466,0.0,0,0,0,1,0,0,0,0,0,0,0,0,0,0,0,0,0,0,0,0,0,1,1,0.85,1,0,1,1,0,0,11,0,0,0,0,1
142,KRIT1,"NM_004912.4(KRIT1):c.1411+3A>T, p.(?)",0,1,0.0,1.0,1.0,1,3,15.0,0.625,0,0,0.82,0.829999983310699,0.998,0.006,0.6020634682534697,0.7993094431155475,0.99706,13.0625,0.3118971590243466,0.0,0,0,0,0,1,0,0,0,0,0,0,0,0,0,0,0,0,0,0,1,0,0,1,0.85,1,1,1,1,0,0,15,0,1,0,0,1
143,KCNJ8,"NM_004982.3(KCNJ8):c.999A>T, p.(=)",0,0,1.0,0.5,0.5,0,0,3.0,1.0,2,1,0.01,0.0,0.658,0.034,0.7332842263748681,0.7498991044663395,0.06526,18.8951,0.3528337652446565,0.0,0,1,0,0,0,0,0,0,0,0,1,0,0,0,0,0,0,0,0,0,1,0,0,0.0,0,0,1,0,1,1,-1,1,1,1,0,0
144,MED13,"NM_005121.2(MED13):c.6269A>G, p.(Tyr2090Cys)",0,0,1.0,0.5,0.5,0,0,28.0,0.9333,1,0,0.69,0.360000014305115,0.168,0.054,0.1447193402283751,0.9715194544617756,5.89985,20.67115,0.362922554024553,0.0,0,1,0,0,0,0,0,0,0,0,1,0,0,0,0,0,0,0,0,0,1,0,0,0.0,0,0,1,0,0,1,0,1,1,1,0,0
146,SMAD4,"NM_005359.5(SMAD4):c.424+5G>A, p.(?)",0,0,1.0,0.5,0.5,0,5,15.0,0.625,2,1,0.4,0.159999996423721,1.0,0.957,0.2079899154960081,0.947695323316216,5.77887,24.11505,0.3803237529571907,0.0,0,1,0,0,0,0,0,0,0,0,0,0,0,0,0,0,0,0,0,1,0,0,0,0.0,0,0,1,0,0,1,0,1,1,0,0,0
147,PTPN14,"NM_005401.4(PTPN14):c.758+1del, p.(?)",1,1,1.0,0.15,0.0,1,1,15.0,0.625,2,0,0.89,0.84,1.0,0.953,0.5255248950324162,0.82812955417664,0.03263,32.39955,0.4139586079913961,0.0,0,0,0,0,0,1,0,0,0,0,0,0,1,0,0,0,0,0,0,1,0,0,1,0.85,1,0,1,1,0,0,11,0,0,1,0,1
148,RAD50,"NM_005732.4(RAD50):c.3390-1119_3390-1115del, p.(?)",1,1,1.0,0.5,0.75,1,1119,15.0,0.625,2,0,0.21,0.06,0.0,0.016,0.9035143033342048,0.6858000558763289,1.39955,26.48995,0.3909841602371329,0.0,0,0,0,0,0,0,1,0,1,0,0,0,0,0,0,0,0,0,0,0,0,1,1,0.85,1,1,1,0,1,0,13,0,1,0,0,0
149,SMAD3,"NM_005902.3(SMAD3):c.400+5G>T, p.(?)",0,1,1.0,0.05,0.05,0,5,15.0,0.625,1,0,0.03,0.0299999993294477,0.79,0.901,0.375342474252517,0.8846797858330336,4.24459,55.453500000000005,0.4758864519434765,0.0,0,0,1,0,0,0,0,0,0,0,0,0,0,0,0,0,0,0,0,1,0,0,0,0.0,0,0,1,0,0,0,2,0,0,0,0,0
151,RAD21,"NM_006265.2(RAD21):c.274+3A>G, p.(?)",1,1,1.0,0.75,0.5,1,3,15.0,0.625,1,0,0.23,0.349999994039536,0.658,0.986,0.3734894964613738,0.8853775127893522,38.062,109.02,0.5546119529835616,0.0,0,0,1,0,0,0,0,0,0,0,0,0,0,0,0,0,0,0,0,1,0,0,1,0.85,1,1,1,0,0,0,14,0,1,0,0,0
152,IVNS1ABP,"NM_006469.5(IVNS1ABP):c.282-7T>A, p.(?)",0,0,1.0,0.5,0.5,0,7,15.0,0.625,1,0,0.0,0.0299999993294477,0.154,0.006,0.442462533492953,0.8594061560757915,92.2328,31.2773,0.5350779000069349,0.0,0,1,0,0,0,0,0,0,1,0,0,0,0,0,0,0,0,0,1,0,0,0,0,0.0,0,0,1,0,1,1,-1,1,1,0,1,0
153,NPRL2,"NM_006545.4(NPRL2):c.720+2dup, p.(?)",1,1,1.0,0.25,0.0,1,2,15.0,0.625,1,0,0.99,0.769999980926514,0.882,0.934,0.5913345310245349,0.8033493559267304,18.1467,21.4844,0.3672691379357573,0.0,0,0,0,1,0,0,0,0,0,0,0,0,0,0,0,0,1,0,0,1,0,0,1,0.85,1,0,1,1,0,0,11,0,0,1,0,1
154,NPRL2,"NM_006545.4(NPRL2):c.720+2dup, p.(?)",1,1,0.0,0.15,0.0,1,2,15.0,0.625,0,0,0.99,0.769999980926514,0.882,0.934,0.5913345310245349,0.8033493559267304,18.1467,21.4844,0.3672691379357573,0.0,0,0,0,1,0,0,0,0,0,0,0,0,0,0,0,0,1,0,0,1,0,0,1,0.85,1,0,1,1,0,0,11,0,0,1,0,1
155,GNB5,"NM_006578.3(GNB5):c.112+1G>C, p.(?)",1,1,1.0,1.0,0.0,1,1,15.0,0.625,1,2,0.96,0.860000014305115,0.998,0.024,0.8796704195684342,0.6947783180693359,1.22111,7.145115,0.2474658360898325,0.0,1,0,0,1,0,0,0,0,0,0,0,0,0,0,0,0,0,0,0,1,0,0,1,0.85,1,1,1,1,0,0,15,0,1,1,0,1
156,SLC20A2,NM_006749.4(SLC20A2):c.427A>G; p.(Ile143Val),1,1,1.0,0.25,0.0,1,0,3.0,0.2727,1,0,1.0,0.870000004768372,0.658,0.132,0.666898597457603,0.7748961891745998,1.74533,14.63975,0.3244395426243248,0.0,0,0,0,0,1,0,0,0,0,0,0,0,0,1,0,0,0,0,0,0,1,0,1,1.0,1,0,1,1,0,0,11,0,0,1,0,1
158,LZTR1,"NM_006767.3(LZTR1):c.2325G>C, p.(Gln775His)",0,1,1.0,0.15,0.5,1,0,19.0,0.9048,2,2,0.98,0.829999983310699,1.0,1.0,2.724817408364053,3.765436851210779e-10,13.6679,39.0954,0.4355168995502257,0.0,0,0,0,1,0,0,0,0,0,0,0,0,1,0,0,0,0,0,0,1,0,0,0,0.1,0,0,1,1,0,0,3,0,1,1,0,1
159,LZTR1,"NM_006767.3(LZTR1):c.263+5G>T, p.(?)",1,1,1.0,0.5,0.5,1,5,15.0,0.625,1,0,0.93,0.870000004768372,1.0,0.971,2.724817408364053,3.765436851210779e-10,13.6679,39.0954,0.4355168995502257,0.0,0,0,0,1,0,0,0,0,0,0,0,0,0,0,0,0,0,0,0,1,0,0,1,0.85,0,1,1,1,0,0,7,0,1,0,0,1
160,LZTR1,"NM_006767.3(LZTR1):c.320G>C, p.(Arg107Thr)",1,1,1.0,0.75,0.75,1,0,3.0,0.1429,1,0,0.77,0.790000021457672,0.778,0.997,2.724817408364053,3.765436851210779e-10,13.6679,39.0954,0.4355168995502257,0.0,0,0,0,0,0,1,0,0,0,0,0,0,1,0,0,0,0,0,0,1,0,0,1,1.0,0,1,1,1,0,0,7,0,1,1,0,1
162,CHEK2,"NM_007194.4(CHEK2):c.1376-27C>G, p.(?)",1,1,1.0,0.25,0.0,1,27,15.0,0.625,1,1,0.99,0.860000014305115,0.642,1.0,1.2518573345005417,0.5546337115994809,1.30044,13.6022,0.3163405704194673,0.0,0,0,0,1,0,0,0,0,0,0,0,0,0,0,0,0,0,0,0,0,0,1,1,0.85,0,0,1,1,0,0,3,0,0,0,0,1
163,BRCA1,"NM_007294.3(BRCA1):c.5153-26A>G, p.(?)",0,1,1.0,0.25,0.5,1,26,15.0,0.625,1,2,0.23,0.400000005960464,0.835999999999999,0.266,0.4353067536853167,0.8621006192739646,0.94741,7.59451,0.2538023013691763,0.0,0,0,0,0,1,0,0,0,0,0,0,0,0,0,0,0,0,0,0,0,0,1,1,0.85,1,0,1,0,0,0,10,0,1,0,0,0
166,SHANK2,"NM_012309.4(SHANK2):c.2440-5T>G, p.(?)",0,0,1.0,0.5,0.5,0,5,15.0,0.625,2,0,0.1,0.0700000002980232,0.782,0.01,0.4148324759031083,0.8698100778482014,0.00585,1.070435,0.0858652837066177,0.0,0,1,0,0,0,0,0,0,1,0,0,0,0,0,0,0,0,0,1,0,0,0,0,0.0,0,0,1,0,0,1,0,1,1,0,0,0
167,IARS1,"NM_013417.4(IARS1):c.3553+52G>A, p.(?)",0,0,1.0,0.5,0.5,0,52,15.0,0.625,1,0,0.0,0.0,0.0,0.008,0.855943911310135,0.7037123832644265,5.315,172.7905,0.6085537452555148,0.0,0,1,0,0,0,0,0,0,0,0,0,0,0,0,0,0,0,0,0,0,0,1,0,0.0,0,0,1,0,1,1,-1,1,1,0,1,0
169,RB1CC1,"NM_014781.5(RB1CC1):c.199-3T>G, p.(?)",0,1,1.0,0.25,0.25,1,3,15.0,0.625,1,2,0.83,0.800000011920929,0.963999999999999,0.006,0.3313687617482228,0.9012378065121244,6.10578,27.08545,0.3935127360047247,0.0,0,0,0,1,0,0,0,0,0,0,0,0,0,0,0,0,0,0,1,0,0,0,1,0.85,1,0,1,1,0,0,11,0,0,0,0,1
170,OTUD3,"NM_015207.2(OTUD3):c.739G>A, p.(Asp247Asn) ",0,0,1.0,0.5,0.5,0,0,6.0,0.75,1,1,0.05,0.0599999986588955,0.538,0.013,0.7311646836559872,0.7506972047442275,1.12354,7.35777,0.2505067207345923,0.0,0,1,0,0,0,0,0,0,0,0,0,0,1,0,0,0,0,0,1,0,0,0,0,0.0,0,0,1,0,1,1,-1,1,1,1,0,0
171,CYLD,"NM_015247.2(CYLD):c.2350+5G>A, p.(?)",1,1,1.0,0.5,0.25,1,5,15.0,0.625,1,1,0.9,0.800000011920929,0.996,0.964,0.3451332229585762,0.8960548865270239,15.2624,11.83085,0.3290457063986097,0.0,0,0,0,0,1,0,0,0,0,0,0,0,0,0,0,0,0,0,0,1,0,0,1,0.85,1,1,1,1,0,0,15,0,1,0,0,1
172,BLTP1,"NM_015312.3(BLTP1):c.13212C>T, p.(=)",1,1,0.0,0.5,0.5,1,0,79.0,0.8977,0,0,0.0,0.0,0.116,0.01,0.6162259516700377,0.7939766504099984,1.87234,17.63395,0.34510706971352,0.0,0,0,0,1,0,0,0,0,0,0,1,0,0,0,0,0,0,0,0,0,1,0,1,0.6,1,1,1,0,1,0,13,0,1,1,1,0
173,BLTP1,"NM_015312.3(BLTP1):c.13222A>G, p.(lle4408Val)",0,0,0.0,0.5,0.5,0,0,79.0,0.8977,0,1,0.0,0.0,0.014,0.032,0.6162259516700377,0.7939766504099984,1.87234,17.63395,0.34510706971352,0.0,0,1,0,0,0,0,0,0,0,0,1,0,0,0,0,0,0,0,0,0,1,0,0,0.0,0,0,1,0,1,0,1,0,1,1,1,0
174,IFT172,"NM_015662.2(IFT172):c.4161G>A, p.(=) ",1,1,1.0,0.5,0.5,1,0,38.0,0.7917,2,0,0.09,0.219999998807907,0.613999999999999,0.801,0.7499976190007306,0.7436057831851361,0.76919,9.806075,0.2808192895292371,0.0,0,0,1,0,0,0,0,0,0,1,0,0,0,0,0,0,0,0,1,0,0,0,1,0.6,1,1,1,0,0,0,14,0,1,1,0,0
175,IFT172,"NM_015662.2(IFT172):c.4914G>A, p.(=)",1,1,1.0,0.5,0.5,0,0,45.0,0.9375,2,0,0.83,0.0,0.993999999999999,0.826,0.7499976190007306,0.7436057831851361,0.76919,9.806075,0.2808192895292371,0.0,0,0,1,0,0,0,0,0,0,1,0,0,0,0,0,0,0,0,0,1,0,0,0,0.0,1,1,1,1,0,0,15,0,1,1,0,0
176,SLC45A2,"NM_016180.3(SLC45A2):c.1368+3_1368+9del, p.(?)",1,1,0.0,0.5,0.5,1,3,15.0,0.625,1,2,0.03,0.43,0.827999999999999,0.01,1.0442382538415471,0.6328113508104014,0.01894,0.01335,0.002213754636548,0.0,0,0,1,0,0,0,0,0,0,0,0,0,0,0,0,0,0,1,0,1,0,0,1,0.85,1,1,1,0,0,0,14,0,1,0,0,0
177,SLC45A2,"NM_016180.3(SLC45A2):c.1368+3_1368+9del, p.(?)",1,1,1.0,0.5,0.5,1,3,15.0,0.625,0,2,0.03,0.43,0.827999999999999,0.01,1.0442382538415471,0.6328113508104014,0.01894,0.01335,0.002213754636548,0.0,0,0,1,0,0,0,0,0,0,0,0,0,0,0,0,0,0,1,0,1,0,0,1,0.85,1,1,1,0,0,0,14,0,1,0,0,0
178,TBC1D7,"NM_016495.5(TBC1D7):c.447C>A, p.(=)",1,1,1.0,0.5,0.5,1,0,5.0,0.625,0,1,0.0,0.0,0.226,0.012,1.250040894673534,0.5553176804186926,3.0865,3.783245,0.1846620279734914,0.0,0,0,1,0,0,0,0,0,0,0,0,0,0,1,0,0,0,0,0,0,1,0,1,0.85,0,1,1,0,1,0,5,0,1,1,1,0
179,NOTCH1,"NM_017617.4(NOTCH1):c.140+3G>C, p.(?)",1,1,1.0,1.0,0.75,1,3,15.0,0.625,1,0,0.72,0.709999978542328,1.0,0.009,0.1910092629529559,0.9540892796128296,26.6874,7.525665,0.3918285798930691,0.0,0,0,1,0,0,0,0,0,0,0,0,0,0,0,0,0,0,0,0,1,0,0,1,0.85,1,1,1,1,0,0,15,0,1,0,0,1
180,NOTCH1,"NM_017617.5(NOTCH1):c.5901G>A, p.(=)",0,0,1.0,0.5,0.5,0,0,31.0,0.9118,1,0,0.0,0.0,0.058,0.006,0.1910092629529559,0.9540892796128296,26.6874,7.525665,0.3918285798930691,0.0,0,1,0,0,0,0,0,0,0,0,1,0,0,0,0,0,0,0,0,0,1,0,0,0.0,0,0,1,0,1,1,-1,1,1,1,1,0
181,TRPM4,"NM_017636.3(TRPM4):c.2508C>T, p.(=)",0,0,1.0,0.5,0.5,0,0,17.0,0.68,2,1,0.04,0.0299999993294477,0.096,0.019,0.4353067536853167,0.8621006192739646,0.61001,17.981099999999998,0.347284920082542,0.0,0,1,0,0,0,0,0,0,0,0,0,0,0,1,0,0,0,0,0,0,1,0,0,0.0,0,0,1,0,1,1,-1,1,1,1,1,0
183,VPS13B,"NM_017890.4(VPS13B):c.5295G>T, p.(Glu1765Asp)",1,1,0.0,0.5,0.5,0,0,33.0,0.5323,1,1,0.93,0.829999983310699,0.998,0.993,0.7373430146797493,0.7483707936447842,3.33879,9.7141,0.2798107641695696,0.0,0,0,1,0,0,0,0,0,0,0,0,0,1,0,0,0,0,0,0,1,0,0,0,0.0,1,1,1,1,0,0,15,0,1,1,0,1
184,PHIP,"NM_017934.6(PHIP):c.1095+5G>C, p.(?)",1,1,1.0,0.5,0.0,1,5,15.0,0.625,1,0,0.83,0.839999973773956,0.855999999999999,0.042,0.286040905605882,0.9183057213321534,4.3717,12.1595,0.3040666990984655,0.0,0,0,1,0,0,0,0,0,1,0,0,0,0,0,0,0,0,0,0,1,0,0,1,0.85,1,1,1,1,0,0,15,0,1,0,0,1
185,PHIP,"NM_017934.6(PHIP):c.41-7C>A, p.(?)",1,1,1.0,0.25,0.0,1,7,15.0,0.625,2,0,0.96,0.0099999997764825,0.622,1.0,0.286040905605882,0.9183057213321534,4.3717,12.1595,0.3040666990984655,0.0,0,0,0,1,0,0,0,0,1,0,0,0,0,0,0,0,0,0,1,0,0,0,1,0.85,1,0,1,0,0,0,10,0,0,0,0,0
186,ANO10,"NM_018075.3(ANO10):c.1864A>G, p.(Met622Val)",1,1,1.0,0.25,0.15,0,0,12.0,0.9231,1,1,0.01,0.0199999995529652,0.116,0.018,1.2451668883493872,0.557152956380379,15.3694,27.8349,0.3966198728532182,0.0,0,0,1,0,0,0,0,0,0,0,0,0,0,1,0,0,0,0,0,0,1,0,0,0.0,1,0,1,0,1,0,9,0,0,1,1,0
187,NDC1,"NM_018087.4(NDC1):c.892-21G>A, p.(?)",0,1,1.0,1.0,1.0,0,21,15.0,0.625,0,1,0.27,0.569999992847443,0.281999999999999,0.112,0.3756869290921159,0.8845500835624661,1.48281,23.4691,0.377249491636633,0.0,0,0,1,0,0,0,0,0,1,0,0,0,0,0,0,0,0,0,0,0,0,1,0,0.0,0,1,1,0,0,0,6,0,1,0,0,0
188,ROBO4,"NM_019055.5(ROBO4):c.1684+1G>A, p.(?)",1,1,1.0,0.5,0.75,1,1,15.0,0.625,2,1,0.67,0.0,0.996,0.969,0.9328622084172716,0.6747492895984994,0.13177,5.32552,0.217635914012508,0.0,1,0,1,0,0,0,0,0,1,0,0,0,0,0,0,0,0,0,0,1,0,0,1,0.85,1,1,1,1,0,0,15,0,1,1,0,0
189,MIB1,"NM_020774.3(MIB1):c.1677G>C, p.(Gln559His)",1,1,1.0,0.15,0.25,1,0,11.0,0.5238,1,1,0.99,0.870000004768372,0.998,1.0,2.466111929804493,0.0974138965392789,1.78352,20.35205,0.3611723356474465,0.0,0,0,0,1,0,0,0,0,0,0,0,0,1,0,0,0,0,0,0,1,0,0,1,0.85,0,0,1,1,0,0,3,0,0,1,0,1
190,ALPK3,"NM_020778.4(ALPK3):c.1275A>T, p.(=)",0,0,1.0,0.5,0.5,0,0,5.0,0.3571,2,0,0.57,0.419999986886978,0.15,0.006,0.8586646728979936,0.7026878978601013,0.42813,0.17156,0.0420461583115882,0.0,0,1,0,0,0,0,0,0,0,0,0,0,0,1,0,0,0,0,0,0,1,0,0,0.0,0,0,1,0,0,1,0,1,1,1,0,0
191,DAB1,"NM_021080.3(DAB1): c.307-2A>T, p.(?)",0,1,0.0,0.15,0.0,0,2,15.0,0.625,2,0,0.38,0.3550000041723255,0.658,0.104,0.3576579238568377,0.8913387903717904,0.02679,0.56924,0.053163444152443,0.0,0,0,0,0,1,0,0,0,1,0,0,0,0,0,0,0,0,0,0,0,0,0,0,0.0,1,0,1,0,0,0,10,0,0,1,0,0
194,NSD1,"NM_022455.5(NSD1):c.3769A>C, p.(Thr1257Pro)",0,0,1.0,0.5,0.5,0,0,5.0,0.2174,1,0,0.0,0.0099999997764825,0.114,0.008,0.1486393354148598,0.970043405302783,6.19,16.85605,0.340075819773791,0.0,0,1,0,0,0,0,0,0,0,0,0,0,0,1,0,0,0,0,0,0,1,0,0,0.0,0,0,1,0,1,1,-1,1,1,1,1,0
195,EPS8L2,"NM_022772.3(EPS8L2):c.1059+4C>T, p.(?)",1,1,0.0,0.15,0.5,0,4,15.0,0.625,2,0,0.16,0.280000001192093,0.95,0.012,0.9805318539654896,0.6567995889295999,1.05392,18.455,0.350194495262616,0.0,0,0,1,0,0,0,0,0,1,0,0,0,0,0,0,0,0,0,0,1,0,0,0,0.0,0,0,1,0,0,0,2,0,1,0,0,0
196,EPS8L2,"NM_022772.3(EPS8L2):c.1208G>T, p.(Arg403Leu)",1,1,0.0,0.15,0.5,1,0,13.0,0.619,2,1,0.8,0.75,1.0,0.998,0.9805318539654896,0.6567995889295999,1.05392,18.455,0.350194495262616,0.0,0,0,1,0,0,0,0,0,0,0,0,0,1,0,0,0,0,0,0,1,0,0,1,0.85,1,0,1,1,0,0,11,0,1,1,0,1
197,EPS8L2,"NM_022772.3(EPS8L2):c.1208G>T, p.(Arg403Leu)",1,1,1.0,0.1,0.25,1,0,13.0,0.619,0,1,0.8,0.75,1.0,0.998,0.9805318539654896,0.6567995889295999,1.05392,18.455,0.350194495262616,0.0,0,0,1,0,0,0,0,0,0,0,0,0,1,0,0,0,0,0,0,1,0,0,1,0.85,1,0,1,1,0,0,11,0,0,1,0,1
198,MBOAT7,"NM_024298.4(MBOAT7):c.458_459delTC, p.(Leu153fs)",1,1,0.0,0.75,0.75,0,0,5.0,0.625,1,0,0.0,0.01,0.143999999999999,0.006,0.4353067536853167,0.8621006192739646,286.962,47.57225,0.6681340366283557,0.0,1,0,1,0,0,0,0,0,0,0,1,0,0,0,0,0,0,0,0,0,1,0,0,0.0,1,1,1,0,1,0,13,0,1,1,1,0
199,CEP290,"NM_025114.3(CEP290):c.5855+5G>A, p.(?)",1,1,0.0,0.5,0.5,1,5,15.0,0.625,2,2,0.95,0.839999973773956,0.998,0.964,1.0086487765493597,0.6462123412522369,0.21481,10.4601,0.2877524916079444,0.0,0,0,0,0,1,0,0,0,1,0,0,0,0,0,0,0,0,0,0,1,0,0,1,0.85,1,1,1,1,0,0,15,0,1,0,0,1
200,DICER1,"NM_030621.4(DICER1):c.2257-7A>G, p.(?)",1,1,1.0,0.25,0.0,1,7,15.0,0.625,2,0,1.0,0.860000014305115,0.912,0.935,0.2856147056317777,0.9184662042111906,9.74712,17.564999999999998,0.3446696843282958,0.0,0,0,0,1,0,0,0,0,1,0,0,0,0,0,0,0,0,0,1,0,0,0,1,0.85,1,0,1,1,0,0,11,0,0,0,0,1
201,ADGRV1,"NM_032119.4(ADGRV1):c.8567-5A>G, p.(?)",1,1,0.0,0.5,0.25,1,5,15.0,0.625,0,0,0.98,0.790000021457672,0.998,1.0,0.6570882213617254,0.7785902236559809,0.01038,0.011785,0.0013823345724799,0.0,0,0,0,1,0,0,0,0,1,0,0,0,0,0,0,0,0,0,1,0,0,0,1,0.85,1,1,1,1,0,0,15,0,1,0,0,1
202,PLXNA1,"NM_032242.3(PLXNA1):c.3896-22C>G, p.(?)",0,0,1.0,0.5,0.5,0,22,15.0,0.625,2,1,0.03,0.0199999995529652,0.0,0.007,0.4855317231995165,0.8431887276809676,0.93049,54.569500000000005,0.4740243036559405,0.0,0,1,0,0,0,0,0,0,0,0,0,0,0,0,0,0,0,0,0,0,0,1,0,0.0,0,0,1,0,1,1,-1,1,1,0,1,0
