variant_id,dna_variant,gene,alamut_predictions,alamut_ese,experiment_type,tissue,tested_2_systems,aberrant_splicing,wt_transcript,pct_aberrant_sanger,pct_aberrant_agarose,class_before,class_after,reclassified,effect_category,effect_reading_frame,exon,intron,vulexmap_category,label,cnomen_key,splice_distance,exon_number,total_exons,exon_proportion,is_frameshift_ptc,tissue_code,alamut_ese_code
1,"ENST00000375820.4(COL4A1):c.1000-5T>G, p.(?)",COL4A1,"Introduction of new acceptor, higher than canonical",ESE gain,mRNA splicing analysis on tissue,Fibroblasts,0,0,1.0,,,3.0,3.0,No,No effect,,-,18/51,Intronic,0,ENST00000375820.4:c.1000-5T>G,5,,,,0,2,2
2,"NM_000044.6(AR):c.1768G>A, p.(Gly590Arg)",AR,Weaker canonical donor,ESE loss,mRNA splicing analysis on tissue,Fibroblasts,0,1,0.0,1.0,1.0,3.0,5.0,Upgraded 3-5,Exon skipping,Frameshift/nonsense,2/8,-,SpliceSite(Vulnerable),1,NM_000044.6:c.1768G>A,0,2.0,8.0,0.25,1,2,1
3,"NM_000051.3(ATM):c.131A>G, p.(Asp44Gly)",ATM,"Introduction of new donor, higher than canonical",No effect,mRNA splicing analysis on tissue,Blood,0,0,1.0,,,3.0,3.0,No,No effect,,3/63,-,Resilient,0,NM_000051.3:c.131A>G,0,3.0,63.0,0.0476,0,1,0
4,"NM_000051.3(ATM):c.1607+5G>A, p.(?)",ATM,Weaker canonical acceptor,ESE change,mRNA splicing analysis on tissue,Blood,0,1,1.0,0.5,0.5,3.0,4.0,Upgraded 3-4,Multiple events,Both frameshift/nonsense & inframe,-,10/62,Intronic,1,NM_000051.3:c.1607+5G>A,5,,,,1,1,0
5,"NM_000051.3(ATM):c.1803-1G>C, p.(?)",ATM,Loss of canonical acceptor,No effect,mRNA splicing analysis on tissue,Blood,0,1,1.0,0.25,0.0,3.0,4.0,Upgraded 3-4,Multiple events,Both frameshift/nonsense & inframe,-,11/62,Resilient,1,NM_000051.3:c.1803-1G>C,1,,,,1,1,0
6,"NM_000051.3(ATM):c.1803-2A>G, p.(?) ",ATM,"Weaker canonical acceptor, introduction of new donor",ESE gain,mRNA splicing analysis on tissue,Blood,0,1,1.0,0.25,0.0,3.0,4.0,Upgraded 3-4,Multiple events,Both frameshift/nonsense & inframe,-,11/62,Intronic,1,NM_000051.3:c.1803-2A>G,2,,,,1,1,2
7,"NM_000051.3(ATM):c.2921+5G>A, p.(?)",ATM,Loss of canonical donor,No effect,mRNA splicing analysis on tissue,Blood,0,1,1.0,0.5,0.5,3.0,4.0,Upgraded 3-4,Exon skipping,Frameshift/nonsense,-,19/62,Intronic,1,NM_000051.3:c.2921+5G>A,5,,,,1,1,0
8,"NM_000051.3(ATM):c.3402+22T>G, p.(?)",ATM,"Introduction of new donor, lower than canonical",No effect,mRNA splicing analysis on tissue,Blood,0,0,1.0,,,3.0,3.0,No,No effect,,-,23/62,Intronic,0,NM_000051.3:c.3402+22T>G,22,,,,0,1,0
9,"NM_000051.3(ATM):c.3994-160T>C, p.(?)",ATM,Loss of non-canonical acceptor,ESE gain,mRNA splicing analysis on tissue,Blood,0,1,1.0,0.5,0.5,3.0,4.0,Upgraded 3-4,"Use of alternative SS, inclusion of intron",Frameshift/nonsense,-,26/62,Intronic,1,NM_000051.3:c.3994-160T>C,160,,,,1,1,2
11,"NM_000059.3(BRCA2):c.9117+46_9134del, p.(?)",BRCA2,Complex,ESE loss,mRNA splicing analysis on tissue,Fibroblasts,0,1,1.0,0.25,0.75,3.0,4.0,Upgraded 3-4,Multiple events,Frameshift/nonsense,24/27,23/26,Resilient,1,NM_000059.3:c.9117+46_9134del,46,24.0,27.0,0.8889,1,2,1
12,"NM_000059.3(BRCA2):c.9502-20T>G, p.(?)",BRCA2,No effect,ESE gain,mRNA splicing analysis on tissue,Fibroblasts,0,0,1.0,,,3.0,3.0,No,No effect,,-,25/26,Resilient,0,NM_000059.3:c.9502-20T>G,20,,,,0,2,2
13,"NM_000089.3(COL1A2):c.2403+3A>G, p.(?)",COL1A2,Weaker canonical donor,No effect,mRNA splicing analysis on tissue,Fibroblasts,0,0,1.0,,,3.0,3.0,No,No effect,,-,39/51,Intronic,0,NM_000089.3:c.2403+3A>G,3,,,,0,2,0
14,"NM_000090.3(COL3A1):c.1149+4A>G, p.(?)",COL3A1,Loss of canonical donor,ESE loss,mRNA splicing analysis on tissue,Fibroblasts,0,1,1.0,0.25,0.0,3.0,3.0,No,Exon skipping,Inframe,-,16/50,intronic,0,NM_000090.3:c.1149+4A>G,4,,,,0,2,1
15,"NM_000090.3(COL3A1):c.1348-1G>T, p.(?)",COL3A1,Loss of canonical donor,No effect,mRNA splicing analysis on tissue,Fibroblasts,0,1,0.0,0.5,0.0,3.0,4.0,Upgraded 3-4,"Use of alternative SS, exclusion of exon",Inframe,-,19/50,intronic,1,NM_000090.3:c.1348-1G>T,1,,,,0,2,0
16,"NM_000093.4(COL5A1):c.4067C>T, p.(Ala1356Val)",COL5A1,No effect,ESE loss,mRNA splicing analysis on tissue,Fibroblasts,0,0,1.0,,,3.0,3.0,No,No effect,,51/66,-,not in database,0,NM_000093.4:c.4067C>T,0,51.0,66.0,0.7727,0,2,1
17,"NM_000093.4(COL5A1):c.5024C>A, p.(Ala1675Asp)",COL5A1,"Stronger non-canonical acceptor, lower than canonical",ESE change,mRNA splicing analysis on tissue,Fibroblasts,0,0,1.0,,,3.0,3.0,No,No effect,,63/66,-,not in database,0,NM_000093.4:c.5024C>A,0,63.0,66.0,0.9545,0,2,0
18,"NM_000097.7(CPOX):c.1277+9A>G, p.(?)",CPOX,"Introduction of new donor, lower than canonical",ESE change,mRNA splicing analysis on tissue,Blood,0,1,1.0,0.05,0.0,3.0,3.0,No,"Use of alternative SS, inclusion of intron",Frameshift/nonsense,-,6/6,intronic,0,NM_000097.7:c.1277+9A>G,9,,,,1,1,0
19,"NM_000138.4(FBN1):c.5296+5G>A, p.(?)",FBN1,Weaker canonical donor,ESE gain,mRNA splicing analysis on tissue,Fibroblasts,0,1,1.0,0.5,0.5,3.0,4.0,Upgraded 3-4,Exon skipping,Inframe,-,43/65,Intronic,1,NM_000138.4:c.5296+5G>A,5,,,,0,2,2
20,"NM_000138.4(FBN1):c.6288C>T, p.(=)",FBN1,"Introduction of new donor, lower than canonical",ESE gain,mRNA splicing analysis on tissue,Fibroblasts,0,0,1.0,,,3.0,2.0,Downgraded 3-2,No effect,,51/66,-,Resilient,0,NM_000138.4:c.6288C>T,0,51.0,66.0,0.7727,0,2,2
21,"NM_000168.5(GLI3):c.473+5G>C, p.(?)",GLI3,Weaker canonical donor,ESE loss,mRNA splicing analysis on tissue,Fibroblasts,0,1,1.0,0.5,0.5,3.0,4.0,Upgraded 3-4,Exon skipping,Frameshift/nonsense,-,4/14,Intronic,1,NM_000168.5:c.473+5G>C,5,,,,1,2,1
22,"NM_000179.3(MSH6):c.3969_4001+52dup, p.(?)",MSH6,Complex,Complex,mRNA splicing analysis on tissue,Blood,0,1,1.0,0.5,0.25,3.0,3.0,No,Exon skipping,Frameshift/nonsense,-,9/9,Resilient,0,NM_000179.3:c.3969_4001+52dup,0,,,,1,1,0
23,"NM_000197.1(HSD17B3):c.139A>G, p.(Met47Val)",HSD17B3,"Introduction of new donor, lower than canonical",ESE change,mRNA splicing analysis on tissue,Fibroblasts,0,0,1.0,,,3.0,3.0,No,No effect,,1/11,-,Resilient,0,NM_000197.1:c.139A>G,0,1.0,11.0,0.0909,0,2,0
25,"NM_000214.2(JAG1):c.1156G>A, p.(Gly386Arg)",JAG1,"Introduction of new acceptor, comparable to canonical",ESE loss,mRNA splicing analysis on tissue,Blood,0,1,1.0,0.5,0.0,3.0,5.0,Upgraded 3-5,"Use of alternative SS, exclusion of exon",Frameshift/nonsense,9/26,-,Resilient,1,NM_000214.2:c.1156G>A,0,9.0,26.0,0.3462,1,1,1
28,"NM_000256.3(MYBPC3):c.1897G>A, p.(Glu633Lys)",MYBPC3,Weaker canonical donor,No effect,mRNA splicing analysis on tissue,Blood,0,1,1.0,0.25,0.0,3.0,4.0,Upgraded 3-4,"Use of alternative SS, inclusion of intron",Frameshift/nonsense,19/35,-,SpliceSite(Resilient),1,NM_000256.3:c.1897G>A,0,19.0,35.0,0.5429,1,1,0
29,"NM_000256.3(MYBPC3):c.821+5G>A, p.(?)",MYBPC3,Weaker canonical donor,ESE loss,mRNA splicing analysis on tissue,Blood,0,1,1.0,0.25,0.5,3.0,5.0,Upgraded 3-5,"Use of alternative SS, inclusion of intron",Frameshift/nonsense,-,7/34,Intronic,1,NM_000256.3:c.821+5G>A,5,,,,1,1,1
30,"NM_000267.1(NF1):c.1845G>A, p.(=)",NF1,Weaker canonical donor,No effect,mRNA splicing analysis on tissue,Blood,0,1,1.0,,0.5,3.0,5.0,Upgraded 3-5,Exon skipping,Both frameshift/nonsense & inframe,16/58,-,SpliceSite(Resilient),1,NM_000267.1:c.1845G>A,0,16.0,58.0,0.2759,1,1,0
31,"NM_000267.1(NF1):c.2337_2339delTACinsCAA, p.(Thr780Lys)",NF1,No effect,ESE loss,mRNA splicing analysis on tissue,Blood,0,0,1.0,,,3.0,3.0,No,No effect,,20/58,-,Resilient,0,NM_000267.1:c.2337_2339delTACinsCAA,0,20.0,58.0,0.3448,0,1,1
32,"NM_000267.1(NF1):c.288+3A>T, p.(?)",NF1,Weaker canonical donor,ESE change,mRNA splicing analysis on tissue,Blood,0,1,1.0,0.25,0.15,3.0,4.0,Upgraded 3-4,Exon skipping,Inframe,-,3/57,Intronic,1,NM_000267.1:c.288+3A>T,3,,,,0,1,0
33,"NM_000267.3(NF1):c.1642-9A>G, p.(?)",NF1,"Introduction of new acceptor, higher than canonical",No effect,mRNA splicing analysis on tissue,Blood,0,1,1.0,0.5,0.0,3.0,5.0,Upgraded 3-5,Multiple events,Frameshift/nonsense,-,14/57,Intronic,1,NM_000267.3:c.1642-9A>G,9,,,,1,1,0
34,"NM_000267.3(NF1):c.1722-26T>G, p.(?)",NF1,No effect,ESE gain,Minigene exon-trapping system ,Plasmid/293T,0,1,0.0,1.0,0.85,3.0,4.0,Upgraded 3-4,Exon skipping,Frameshift/nonsense,-,15/57,Intronic,1,NM_000267.3:c.1722-26T>G,26,,,,1,0,2
35,"NM_000267.3(NF1):c.1845+3A>C, p.(?)",NF1,Weaker canonical donor,ESE gain,mRNA splicing analysis on tissue,Blood,1,1,1.0,1.0,0.9,3.0,4.0,Upgraded 3-4,Exon skipping,Inframe,-,16/57,SpliceSite(Resilient),1,NM_000267.3:c.1845+3A>C,3,,,,0,1,2
36,"NM_000267.3(NF1):c.1845+3A>C, p.(?)",NF1,Weaker canonical donor,ESE gain,Minigene exon-trapping system ,Plasmid/293T,1,1,0.0,1.0,0.9,3.0,4.0,Upgraded 3-4,Exon skipping,Inframe,-,16/57,SpliceSite(Resilient),1,NM_000267.3:c.1845+3A>C,3,,,,0,0,2
37,"NM_000267.3(NF1):c.2251G>A, p.(Gly751Arg)",NF1,"Weaker canonical donor,introduction new acceptor",ESE loss,mRNA splicing analysis on tissue,Fibroblasts,0,1,1.0,0.5,0.5,3.0,4.0,Upgraded 3-4,Exon skipping,Both frameshift/nonsense & inframe,18/58,-,SpliceSite(Resilient),1,NM_000267.3:c.2251G>A,0,18.0,58.0,0.3103,1,2,1
38,"NM_000267.3(NF1):c.2252G>T, p.(Gly751Val)",NF1,"Weaker canonical acceptor, introduction of new donor",ESE loss,mRNA splicing analysis on tissue,Fibroblasts,0,1,1.0,,0.5,3.0,4.0,Upgraded 3-4,Exon skipping,Frameshift/nonsense,19/58,-,SpliceSite(Resilient),1,NM_000267.3:c.2252G>T,0,19.0,58.0,0.3276,1,2,1
39,"NM_000267.3(NF1):c.2710T>A, p.(Cys904Ser)",NF1,"Stronger non-canonical acceptor, stronger than canonical",No effect,mRNA splicing analysis on tissue,Blood,0,1,1.0,0.25,0.5,3.0,4.0,Upgraded 3-4,"Use of alternative SS, exclusion of exon",Inframe,21/58,-,Resilient,1,NM_000267.3:c.2710T>A,0,21.0,58.0,0.3621,0,1,0
43,"NM_000267.3(NF1):c.3315-3C>T, p.(?)",NF1,Loss of canonical acceptor,ESE loss,Minigene exon-trapping system ,Plasmid/293T,0,0,1.0,,,3.0,3.0,No,No effect,,-,25/57,Resilient,0,NM_000267.3:c.3315-3C>T,3,,,,0,0,1
44,"NM_000267.3(NF1):c.3870G>C, p.(Lys1290Asn)",NF1,Loss of canonical donor,ESE loss,mRNA splicing analysis on tissue,Blood,1,1,1.0,0.25,0.0,3.0,4.0,Upgraded 3-4,Multiple events,Frameshift/nonsense,28/58,-,SpliceSite(Resilient),1,NM_000267.3:c.3870G>C,0,28.0,58.0,0.4828,1,1,1
45,"NM_000267.3(NF1):c.3870G>C, p.(Lys1290Asn)",NF1,Loss of canonical donor,ESE loss,Minigene exon-trapping system ,Plasmid/293T,1,1,0.0,0.8,0.8,3.0,4.0,Upgraded 3-4,Multiple events,Frameshift/nonsense,28/58,-,SpliceSite(Resilient),1,NM_000267.3:c.3870G>C,0,28.0,58.0,0.4828,1,0,1
47,"NM_000267.3(NF1):c.4986C>G, p.(Asn1662Lys)",NF1,"Introduction of new donor, lower than canonical",ESE change,Minigene exon-trapping system ,Plasmid/293T,0,1,1.0,0.15,0.0,3.0,3.0,No,No effect,,37/58,-,Resilient,0,NM_000267.3:c.4986C>G,0,37.0,58.0,0.6379,0,0,0
48,"NM_000267.3(NF1):c.586+3A>T, p.(?)",NF1,Weaker canonical donor,No effect,mRNA splicing analysis on tissue,Blood,1,1,1.0,0.75,0.5,3.0,4.0,Upgraded 3-4,Exon skipping,Frameshift/nonsense,-,5/57,Intronic,1,NM_000267.3:c.586+3A>T,3,,,,1,1,0
49,"NM_000267.3(NF1):c.586+3A>T, p.(?)",NF1,Weaker canonical donor,No effect,Minigene exon-trapping system ,Plasmid/293T,1,1,,1.0,1.0,3.0,4.0,Upgraded 3-4,Exon skipping,Frameshift/nonsense,-,5/57,Intronic,1,NM_000267.3:c.586+3A>T,3,,,,1,0,0
50,"NM_000267.3(NF1):c.5943G>C, p.(Gln1981His)",NF1,Loss of canonical donor,ESE gain,mRNA splicing analysis on tissue,Blood,1,1,1.0,0.05,0.0,3.0,4.0,Upgraded 3-4,"Use of alternative SS, exclusion of exon",Frameshift/nonsense,40/58,-,SpliceSite(Resilient),1,NM_000267.3:c.5943G>C,0,40.0,58.0,0.6897,1,1,2
51,"NM_000267.3(NF1):c.5943G>C, p.(Gln1981His)",NF1,Loss of canonical donor,ESE gain,Minigene exon-trapping system ,Plasmid/293T,1,1,0.0,0.5,1.0,3.0,4.0,Upgraded 3-4,"Use of alternative SS, exclusion of exon",Frameshift/nonsense,40/58,-,SpliceSite(Resilient),1,NM_000267.3:c.5943G>C,0,40.0,58.0,0.6897,1,0,2
52,"NM_000267.3(NF1):c.6085G>T, p.(Val2029Phe)",NF1,"Weaker canonical acceptor, introduction of new donor",ESE loss,mRNA splicing analysis on tissue,Blood,0,1,1.0,1.0,0.75,3.0,5.0,Upgraded 3-5,Exon skipping,Frameshift/nonsense,42/58,-,SpliceSite(Vulnerable),1,NM_000267.3:c.6085G>T,0,42.0,58.0,0.7241,1,1,1
53,"NM_000267.3(NF1):c.6317_6340del, p.(Ile2106_Cys2113del)",NF1,Complex,ESE change,Minigene exon-trapping system ,Plasmid/293T,0,0,1.0,,,3.0,3.0,No,No effect,,42/58,-,Vulnerable,0,NM_000267.3:c.6317_6340del,0,42.0,58.0,0.7241,0,0,0
54,"NM_000267.3(NF1):c.6365-3C>G, p.(?)",NF1,"Introduction of new acceptor, higher than canonical",ESE loss,mRNA splicing analysis on tissue,Blood,0,1,1.0,0.25,0.1,3.0,4.0,Upgraded 3-4,"Use of alternative SS, inclusion of intron",Frameshift/nonsense,-,42/57,Intronic,1,NM_000267.3:c.6365-3C>G,3,,,,1,1,1
55,"NM_000267.3(NF1):c.7011A>G, p.(=)",NF1,"Introduction of new donor, lower than canonical",ESE gain,mRNA splicing analysis on tissue,Blood,0,0,1.0,,,3.0,3.0,No,No effect,,48/58,-,Resilient,0,NM_000267.3:c.7011A>G,0,48.0,58.0,0.8276,0,1,2
56,"NM_000267.3(NF1):c.8300C>T, p.(Ser2767Phe)",NF1,Stronger non-canonical acceptor,ESE loss,Minigene exon-trapping system ,Plasmid/293T,0,0,1.0,,,3.0,3.0,No,No effect,,57/58,-,Resilient,0,NM_000267.3:c.8300C>T,0,57.0,58.0,0.9828,0,0,1
57,"NM_000302.4(PLOD1):c.1650G>A, p.(=)",PLOD1,Weaker canonical donor,ESE change,mRNA splicing analysis on tissue,Fibroblasts,0,1,1.0,0.25,0.1,3.0,3.0,No,Exon skipping,Inframe,15/19,-,Resilient,0,NM_000302.4:c.1650G>A,0,15.0,19.0,0.7895,0,2,0
58,"NM_000314.4(PTEN):c.101C>G, p.(Ala34Gly)",PTEN,"Introduction of new donor, lower than canonical",ESE gain,mRNA splicing analysis on tissue,Blood,0,0,1.0,,,3.0,3.0,No,No effect,,2/9,-,Vulnerable,0,NM_000314.4:c.101C>G,0,2.0,9.0,0.2222,0,1,2
59,"NM_000368.4(TSC1):c.2042-5A>G, p.(?)",TSC1,"Introduction of new acceptor, higher than canonical",ESE gain,mRNA splicing analysis on tissue,Blood,0,1,1.0,0.5,0.25,3.0,4.0,Upgraded 3-4,Multiple events,Frameshift/nonsense,-,16/22,Intronic,1,NM_000368.4:c.2042-5A>G,5,,,,1,1,2
60,"NM_000368.4(TSC1):c.664-15A>G, p.(?)",TSC1,"Introduction of new acceptor, comparable to canonical",ESE gain,mRNA splicing analysis on tissue,Blood,1,1,1.0,0.25,0.25,3.0,4.0,Upgraded 3-4,Multiple events,Both frameshift/nonsense & inframe,-,7/22,Intronic,1,NM_000368.4:c.664-15A>G,15,,,,1,1,2
61,"NM_000368.4(TSC1):c.664-15A>G, p.(?)",TSC1,"Introduction of new acceptor, comparable to canonical",ESE gain,Minigene exon-trapping system ,Plasmid/293T,1,1,0.0,0.2,0.0,3.0,4.0,Upgraded 3-4,Multiple events,Both frameshift/nonsense & inframe,-,7/22,Intronic,1,NM_000368.4:c.664-15A>G,15,,,,1,0,2
62,"NM_000368.5(TSC1):c.2626-90A>G, p.(?)",TSC1,"Introduction of new acceptor, lower than canonical",ESE change,mRNA splicing analysis on tissue,Blood,0,0,1.0,,,3.0,3.0,No,No effect,,-,20/22,Intronic,0,NM_000368.5:c.2626-90A>G,90,,,,0,1,0
63,"NM_000368.5(TSC1):c.913+21T>G, p.(?)",TSC1,"Introduction of new donor, higher than canonical",ESE gain,mRNA splicing analysis on tissue,Fibroblasts,0,1,1.0,0.5,0.25,3.0,4.0,Upgraded 3-4,"Use of alternative SS, inclusion of intron",Frameshift/nonsense,-,9/22,Intronic,1,NM_000368.5:c.913+21T>G,21,,,,1,2,2
64,"NM_000430.3(PAFAH1B1):c.33-3C>T, p.(?)",PAFAH1B1,No effect,No effect,mRNA splicing analysis on tissue,Fibroblasts,0,1,1.0,0.25,0.5,3.0,4.0,Upgraded 3-4,Exon skipping,Frameshift/nonsense,-,2/10,Intronic,1,NM_000430.3:c.33-3C>T,3,,,,1,2,0
65,"NM_000462.3(UBE3A):c.1618-2A>C, p.(?)",UBE3A,Loss of canonical acceptor,ESE change,mRNA splicing analysis on tissue,Blood,0,1,1.0,0.25,0.0,3.0,4.0,Upgraded 3-4,"Use of alternative SS, exclusion of exon",Frameshift/nonsense,-,6/12,Intronic,1,NM_000462.3:c.1618-2A>C,2,,,,1,1,0
66,"NM_000540.3(RYR1):c.10348-6C>G, p.(?)",RYR1,Loss of canonical acceptor ,ESE loss,Minigene exon-trapping system ,Plasmid/293T,0,1,0.0,0.0,0.25,3.0,4.0,Upgraded 3-4,"Use of alternative SS, inclusion of intron",Frameshift/nonsense,-,68/105,Intronic,1,NM_000540.3:c.10348-6C>G,6,,,,1,0,1
67,"NM_000540.3(RYR1):c.7028-10G>A, p.(?)",RYR1,"Introduction of new acceptor, higher than canonical",ESE gain,Minigene exon-trapping system ,Plasmid/293T,0,1,0.0,0.0,0.25,3.0,4.0,Upgraded 3-4,"Use of alternative SS, inclusion of intron",Frameshift/nonsense,-,43/105,Intronic,1,NM_000540.3:c.7028-10G>A,10,,,,1,0,2
68,"NM_000548.3(TSC2):c.1033_1035delinsTTA, p.(=)",TSC2,"Introduction of new donor, lower than canonical",ESE loss,mRNA splicing analysis on tissue,Blood,1,1,1.0,0.5,0.5,3.0,3.0,No,"Use of alternative SS, exclusion of exon",Inframe,11/42,-,Resilient,0,NM_000548.3:c.1033_1035delinsTTA,0,11.0,42.0,0.2619,0,1,1
69,"NM_000548.3(TSC2):c.1033_1035delinsTTA, p.(=)",TSC2,"Introduction of new donor, lower than canonical",ESE loss,Minigene exon-trapping system ,Plasmid/293T,1,1,1.0,0.9,0.25,3.0,3.0,No,"Use of alternative SS, exclusion of exon",Inframe,11/42,-,Resilient,0,NM_000548.3:c.1033_1035delinsTTA,0,11.0,42.0,0.2619,0,0,1
70,"NM_000548.3(TSC2):c.152A>C, p.(Glu51Ala)",TSC2,No effect,No effect,Minigene exon-trapping system ,Plasmid/293T,0,0,1.0,,,3.0,3.0,No,No effect,,3/42,-,Resilient,0,NM_000548.3:c.152A>C,0,3.0,42.0,0.0714,0,0,0
71,"NM_000548.3(TSC2):c.1717-785_1717-784delAG, p.(?)",TSC2,No effect,ESE change,mRNA splicing analysis on tissue,Blood,0,0,1.0,,,3.0,3.0,No,No effect,,-,16/41,intronic,0,NM_000548.3:c.1717-785_1717-784delAG,785,,,,0,1,0
72,"NM_000548.3(TSC2):c.1947-23A>G, p.(?)",TSC2,No effect,ESE loss,mRNA splicing analysis on tissue,Fibroblasts,0,1,,0.95,0.2,3.0,5.0,Upgraded 3-5,"Use of alternative SS, exclusion of exon",Frameshift/nonsense,-,18/41,intronic,1,NM_000548.3:c.1947-23A>G,23,,,,1,2,1
73,"NM_000548.3(TSC2):c.226-6T>G, p.(?)",TSC2,Weaker canonical acceptor,ESE change,mRNA splicing analysis on tissue,Blood,0,1,1.0,0.5,0.5,3.0,4.0,Upgraded 3-4,Exon skipping,Inframe,-,3/41,Intronic,1,NM_000548.3:c.226-6T>G,6,,,,0,1,0
74,"NM_000548.3(TSC2):c.2838-125C>A, p.(?)",TSC2,"Introduction of new acceptor, higher than canonical",ESE change,mRNA splicing analysis on tissue,Blood,0,1,1.0,1.0,1.0,3.0,3.0,No,"Use of alternative SS, inclusion of intron",Frameshift/nonsense,-,25/41,intronic,0,NM_000548.3:c.2838-125C>A,125,,,,1,1,0
75,"NM_000548.3(TSC2):c.-29-4A>C, p.(?)",TSC2,Loss of canonical acceptor,Complex,mRNA splicing analysis on tissue,Blood,1,1,1.0,0.25,0.25,3.0,3.0,No,Multiple events,Other,-,1/41,Intronic,0,NM_000548.3:c.-29-4A>C,0,,,,0,1,0
76,"NM_000548.3(TSC2):c.-29-4A>C, p.(?)",TSC2,Loss of canonical acceptor,Complex,Minigene exon-trapping system ,Plasmid/293T,1,1,1.0,0.25,0.25,3.0,3.0,No,Multiple events,Other,-,1/41,Intronic,0,NM_000548.3:c.-29-4A>C,0,,,,0,0,0
77,"NM_000548.3(TSC2):c.2967-460G>A, p.(?)",TSC2,Introduction of new donor and acceptor,Complex,mRNA splicing analysis on tissue,Blood,0,1,1.0,0.75,1.0,3.0,3.0,No,"Use of alternative SS, inclusion of intron",Frameshift/nonsense,-,26/41,intronic,0,NM_000548.3:c.2967-460G>A,460,,,,1,1,0
78,"NM_000548.3(TSC2):c.599+4A>G, p.(?)",TSC2,Loss of canonical donor,ESE loss,mRNA splicing analysis on tissue,Blood,0,1,1.0,0.5,0.4,3.0,4.0,Upgraded 3-4,"Use of alternative SS, exclusion of exon",Frameshift/nonsense,-,6/41,Intronic,1,NM_000548.3:c.599+4A>G,4,,,,1,1,1
79,"NM_000548.5(TSC2):c.3879G>A, p.(Trp1293*)",TSC2,Stronger canonical donor,ESE change,mRNA splicing analysis on tissue,Blood,0,0,1.0,,,3.0,3.0,No,No effect,,32/42,-,Alternative,0,NM_000548.5:c.3879G>A,0,32.0,42.0,0.7619,0,1,0
80,"NM_000548.5(TSC2):c.700G>C, p.(Glu234Gln)",TSC2,No effect,Complex,Minigene exon-trapping system ,Plasmid/293T,0,0,1.0,,,3.0,3.0,No,No effect,,8/42,-,Resilient,0,NM_000548.5:c.700G>C,0,8.0,42.0,0.1905,0,0,0
81,"NM_000969.3(RPL5):c.333T>C, p.(Asn111=)",RPL5,"Introduction of new donor, lower than canonical",ESE gain,mRNA splicing analysis on tissue,Blood,0,0,1.0,,,3.0,2.0,Downgraded 3-2,No effect,,5/8,-,Resilient,0,NM_000969.3:c.333T>C,0,5.0,8.0,0.625,0,1,2
82,"NM_001009944.2(PKD1):c.5830G>A, p.(Gly1944Arg)",PKD1,"Introduction of new donor, higher than canonical",ESE loss,mRNA splicing analysis on tissue,Cord blood,0,0,1.0,,,3.0,3.0,No,No effect,,15/46,-,Resilient,0,NM_001009944.2:c.5830G>A,0,15.0,46.0,0.3261,0,1,1
83,"NM_001029896.1(WDR45):c.147C>T, p.(=) ",WDR45,"Introduction of new donor, higher than canonical",ESE gain,mRNA splicing analysis on tissue,Blood,0,1,1.0,0.25,0.25,3.0,4.0,Upgraded 3-4,Exon skipping,Inframe,4/11,-,Vulnerable,1,NM_001029896.1:c.147C>T,0,4.0,11.0,0.3636,0,1,2
84,"NM_001039348.2(EFEMP1):c.81+1G>A, p.(?)",EFEMP1,Loss of canonical donor,ESE change,mRNA splicing analysis on tissue,Fibroblasts,0,1,1.0,0.5,0.15,3.0,4.0,Upgraded 3-4,Exon skipping,Other,-,3/11,intronic,1,NM_001039348.2:c.81+1G>A,1,,,,0,2,0
85,"NM_001039590.3(USP9X):c.6435+4A>G, p.(?)",USP9X,Weaker canonical donor,No effect,mRNA splicing analysis on tissue,Blood,0,1,1.0,0.1,0.1,3.0,3.0,No,"Use of alternative SS, exclusion of exon",Inframe,-,37/44,Intronic,0,NM_001039590.3:c.6435+4A>G,4,,,,0,1,0
86,"NM_001040113.1(MYH11):c.1423-12C>G, p.(?)",MYH11,Weaker canonical acceptor,ESE change,mRNA splicing analysis on tissue,Fibroblasts,0,0,1.0,,,3.0,3.0,No,No effect,,-,12/40,Intronic,0,NM_001040113.1:c.1423-12C>G,12,,,,0,2,0
87,"NM_001042492.2(NF1):c.4170_4173del, p.(Ser1391Trpfs*14)",NF1,"Introduction of new donor, higher than canonical",No effect,mRNA splicing analysis on tissue,Blood,1,1,1.0,0.25,0.0,3.0,4.0,Upgraded 3-4,"Use of alternative SS, exclusion of exon",Frameshift/nonsense,31/58,-,SpliceSite(Alternative),1,NM_001042492.2:c.4170_4173del,0,31.0,58.0,0.5345,1,1,0
88,"NM_001042492.2(NF1):c.4170_4173del, p.(Ser1391Trpfs*14)",NF1,"Introduction of new donor, higher than canonical",No effect,Minigene exon-trapping system ,Plasmid/293T,1,1,1.0,0.25,0.5,3.0,4.0,Upgraded 3-4,"Use of alternative SS, exclusion of exon",Frameshift/nonsense,31/58,-,SpliceSite(Alternative),1,NM_001042492.2:c.4170_4173del,0,31.0,58.0,0.5345,1,0,0
89,"NM_001070.4(TUBG1):c.50-3C>A, p.(?)",TUBG1,Weaker canonical acceptor,ESE change,mRNA splicing analysis on tissue,Fibroblasts,0,0,1.0,,,3.0,3.0,No,No effect,,-,1/10,Intronic,0,NM_001070.4:c.50-3C>A,3,,,,0,2,0
90,"NM_001077350.2(NPRL3):c.319-2A>G, p.(?)",NPRL3,Loss of canonical acceptor,ESE loss,mRNA splicing analysis on tissue,Blood,0,1,1.0,0.25,0.5,3.0,3.0,No,"Use of alternative SS, exclusion of exon",Inframe,-,4/13,Intronic,0,NM_001077350.2:c.319-2A>G,2,,,,0,1,1
91,"NM_001077653.2(TBX20):c.1002A>T, p.(=)",TBX20,No effect,No effect,mRNA splicing analysis on tissue,Fibroblasts,0,0,1.0,,,3.0,2.0,Downgraded 3-2,No effect,,7/8,-,SpliceSite(Resilient),0,NM_001077653.2:c.1002A>T,0,7.0,8.0,0.875,0,2,0
92,"NM_001080522.2(CC2D2A):c.3976-3C>A, p.(?)",CC2D2A,Weaker canonical acceptor,ESE loss,mRNA splicing analysis on tissue,Fibroblasts,0,1,1.0,0.95,1.0,3.0,4.0,Upgraded 3-4,Exon skipping,Inframe,-,30/36,Intronic,1,NM_001080522.2:c.3976-3C>A,3,,,,0,2,1
93,"NM_001081550.1(THOC2):c.4754+1A>G, p.(?)",THOC2,No effect,No effect,mRNA splicing analysis on tissue,Blood,0,1,,0.05,0.0,3.0,3.0,No,U12-U2 switch,Frameshift/nonsense,-,37/38,SpliceSite(Resilient),0,NM_001081550.1:c.4754+1A>G,1,,,,1,1,0
94,"NM_001110556.1(FLNA):c.5217+5G>C, p.(?)",FLNA,Weaker canonical donor,ESE loss,mRNA splicing analysis on tissue,Blood,0,0,1.0,,,3.0,3.0,No,No effect,,-,31/47,intronic,0,NM_001110556.1:c.5217+5G>C,5,,,,0,1,1
95,"NM_001135599.3(TGFB2):c.831A>G, p.(=)",TGFB2,"Introduction of new donor, lower than canonical",ESE gain,mRNA splicing analysis on tissue,Fibroblasts,0,0,1.0,,,3.0,1.0,Downgraded 3-1,No effect,,4/7,-,Resilient,0,NM_001135599.3:c.831A>G,0,4.0,7.0,0.5714,0,2,2
96,"NM_001145408.1(NONO):c.944-6T>G, p.(?)",NONO,No effect,No effect,mRNA splicing analysis on tissue,Blood,0,0,1.0,,,3.0,3.0,No,No effect,,-,7/11,Intronic,0,NM_001145408.1:c.944-6T>G,6,,,,0,1,0
97,"NM_001145661.1(GATA2):c.1143+5G>A, p.(?)",GATA2,Weaker canonical donor,No effect,mRNA splicing analysis on tissue,Fibroblasts,0,1,1.0,0.1,0.5,3.0,4.0,Upgraded 3-4,Multiple events,Both frameshift/nonsense & inframe,-,5/5,Resilient,1,NM_001145661.1:c.1143+5G>A,5,,,,1,2,0
98,"NM_001164179.1(ENTPD1):c.146A>G, p.(Tyr49Cys)",ENTPD1,No effect,No effect,Minigene exon-trapping system ,Plasmid/293T,0,0,1.0,,,3.0,3.0,No,No effect,,3/10,-,SpliceSite(Resilient),0,NM_001164179.1:c.146A>G,0,3.0,10.0,0.3,0,0,0
99,"NM_001166111.1(PNPLA6):c.1635+10_1635+18delinsGT, p.(?)",PNPLA6,"Introduction of new donor, lower than canonical",ESE loss,mRNA splicing analysis on tissue,Blood,0,1,1.0,0.25,0.0,3.0,4.0,Upgraded 3-4,Exon skipping,Inframe,-,13/31,Intronic,1,NM_001166111.1:c.1635+10_1635+18delinsGT,10,,,,0,1,1
101,"NM_001193466.1(KANSL1):c.2725-6T>C, p.(?)",KANSL1,Weaker canonical acceptor,ESE gain,mRNA splicing analysis on tissue,Blood,0,0,1.0,,,3.0,3.0,No,No effect,,-,12/14,Resilient,0,NM_001193466.1:c.2725-6T>C,6,,,,0,1,2
102,"NM_001197104.1(KMT2A):c.8387G>T, p.(Gly2796Val)",KMT2A,"Introduction of new donor, comparable to canonical",ESE change,mRNA splicing analysis on tissue,Fibroblasts,0,0,1.0,,,3.0,3.0,No,No effect,,27/36,-,Resilient,0,NM_001197104.1:c.8387G>T,0,27.0,36.0,0.75,0,2,0
103,"NM_001267550.1(TTN):c.105134A>G, p.(Asp35045Gly)",TTN,"Introduction of new donor, lower than canonical",ESE loss,mRNA splicing analysis on tissue,Fibroblasts,0,0,1.0,,,3.0,3.0,No,No effect,,358/363,-,Resilient,0,NM_001267550.1:c.105134A>G,0,358.0,363.0,0.9862,0,2,1
104,"NM_001270399.1(TUBA1A):c.78G>A, p.(Leu26Leu)",TUBA1A,"Introduction of new acceptor, lower than canonical",ESE change,mRNA splicing analysis on tissue,Fibroblasts,0,0,1.0,,,3.0,2.0,Downgraded 3-2,No effect,,2/4,-,Resilient,0,NM_001270399.1:c.78G>A,0,2.0,4.0,0.5,0,2,0
105,"NM_001271938.2(MEGF8):c.6395G>A, p.(Arg2132Gln)",MEGF8,"Introduction of new acceptor, comparable to canonical",ESE loss,mRNA splicing analysis on tissue,Fibroblasts,0,0,1.0,,,3.0,3.0,No,No effect,,36/42,-,Resilient,0,NM_001271938.2:c.6395G>A,0,36.0,42.0,0.8571,0,2,1
106,"NM_001286581.1(PHRF1):c.2261_2267dup, p.(His756Glnfs*22)",PHRF1,No effect,ESE change,mRNA splicing analysis on tissue,Fibroblasts,0,0,1.0,,,3.0,3.0,No,No effect,,14/18,-,Resilient,0,NM_001286581.1:c.2261_2267dup,0,14.0,18.0,0.7778,0,2,0
107,"NM_001288653.1(CLTC):c.381G>A, p.(=)",CLTC,"Introduction of new acceptor, comparable to canonical",ESE change,mRNA splicing analysis on tissue,Blood,0,1,1.0,0.5,0.5,3.0,4.0,Upgraded 3-4,"Use of alternative SS, exclusion of exon",Inframe,3/32,-,Resilient,1,NM_001288653.1:c.381G>A,0,3.0,32.0,0.0938,0,1,0
108,"NM_001322014.1(PMS2):c.269C>G, p.(Ser90Cys)",PMS2,"Introduction of new donor, higher than canonical",No effect,mRNA splicing analysis on tissue,Fibroblasts,0,0,1.0,,,3.0,3.0,No ,No effect,,4/15,-,Vulnerable,0,NM_001322014.1:c.269C>G,0,4.0,15.0,0.2667,0,2,0
109,"NM_001352262.1(FUZ):c.851G>C, p.(Arg284Pro)",FUZ,No effect,ESE change,mRNA splicing analysis on tissue,Blood,0,0,1.0,,,3.0,3.0,No,No effect,,8/11,-,Vulnerable,0,NM_001352262.1:c.851G>C,0,8.0,11.0,0.7273,0,1,0
110,NM_001354975.1(XPA):c.605A>G p.(His202Arg),XPA,"Introduction of new donor, higher than canonical",No effect,mRNA splicing analysis on tissue,Fibroblasts,0,0,1.0,,,3.0,3.0,No,No effect,,,,Vulnerable,0,NM_001354975.1:c.605A>G,0,,,,0,2,0
111,"NM_001356.4(DDX3X):c.1023C>T, p.(=)",DDX3X,"Introduction of new donor, higher than canonical",ESE change,mRNA splicing analysis on tissue,Blood,0,1,1.0,0.05,0.0,3.0,4.0,Upgraded 3-4,"Use of alternative SS, exclusion of exon",Inframe,10/17,-,SpliceSite(Resilient),1,NM_001356.4:c.1023C>T,0,10.0,17.0,0.5882,0,1,0
112,"NM_001362878.1(ERLIN2):c.557+74_557+78del, p.(?)",ERLIN2,"Stronger non-canonical acceptor, stronger than canonical",No effect,mRNA splicing analysis on tissue,Fibroblasts,0,1,1.0,0.5,0.75,3.0,4.0,Upgraded 3-4,"Use of alternative SS, inclusion of intron",Frameshift/nonsense,-,8/11,Intronic,1,NM_001362878.1:c.557+74_557+78del,74,,,,1,2,0
113,"NM_001370259.2(MEN1):c.1158C>T, p.(=)",MEN1,"Introduction of new donor, higher than canonical",ESE change,mRNA splicing analysis on tissue,Blood,0,1,1.0,0.5,0.0,3.0,4.0,Upgraded 3-4,"Use of alternative SS, exclusion of exon",Frameshift/nonsense,8/10,-,Resilient,1,NM_001370259.2:c.1158C>T,0,8.0,10.0,0.8,1,1,0
114,"NM_001379.3(DNMT1):c.80+1G>A, p.(?)",DNMT1,Loss of canonical donor,ESE change,mRNA splicing analysis on tissue,Blood,0,1,1.0,0.25,1.0,3.0,3.0,No,"Use of alternative SS, inclusion of intron",Frameshift/nonsense,-,1/40,Intronic,0,NM_001379.3:c.80+1G>A,1,,,,1,1,0
116,"NM_001493.2(GDI1):c.399C>T, p.(=)",GDI1,"Introduction of new donor, higher than canonical",ESE gain,mRNA splicing analysis on tissue,Blood,0,0,1.0,,,3.0,3.0,No,No effect,,5/11,-,Resilient,0,NM_001493.2:c.399C>T,0,5.0,11.0,0.4545,0,1,2
117,"NM_001830.3(CLCN4):c.1389G>A, p.(=)",CLCN4,Weaker canonical donor,No effect,mRNA splicing analysis on tissue,Blood,0,1,1.0,1.0,0.5,3.0,4.0,Upgraded 3-4,Multiple events,Both frameshift/nonsense & inframe,9/13,-,SpliceSite(Resilient),1,NM_001830.3:c.1389G>A,0,9.0,13.0,0.6923,1,1,0
118,"NM_001848.2(COL6A1):c.904-10G>A, p.(?)",COL6A1,"Introduction of new acceptor, higher than canonical",ESE loss,mRNA splicing analysis on tissue,Fibroblasts,0,1,1.0,0.25,0.5,3.0,5.0,Upgraded 3-5,Exon skipping,Inframe,-,10/34,Intronic,1,NM_001848.2:c.904-10G>A,10,,,,0,2,1
119,"NM_001999.3(FBN2):c.2940C>T, p.(=)",FBN2,"Introduction of new donor, lower than canonical",ESE change,mRNA splicing analysis on tissue,Blood,0,0,1.0,,,3.0,2.0,Downgraded 3-2,No effect,,23/65,-,Resilient,0,NM_001999.3:c.2940C>T,0,23.0,65.0,0.3538,0,1,0
120,"NM_001999.3(FBN2):c.7841-3C>T, p.(?)",FBN2,Weaker canonical acceptor,ESE loss,mRNA splicing analysis on tissue,Blood,0,0,1.0,,,3.0,3.0,No,No effect,,-,61/64,intronic,0,NM_001999.3:c.7841-3C>T,3,,,,0,1,1
121,"NM_002449.4(MSX2):c.379+5G>T, p.(?)",MSX2,Weaker canonical donor,ESE loss,mRNA splicing analysis on tissue,Amniocytes,0,1,1.0,0.25,0.0,3.0,4.0,Upgraded 3-4,"Use of alternative SS, inclusion of intron",Frameshift/nonsense,-,1/1,Alternative,1,NM_002449.4:c.379+5G>T,5,,,,1,0,1
122,"NM_002471.3(MYH6):c.5661G>A, p.(=)",MYH6,Loss of canonical donor,No effect,Minigene exon-trapping system ,Plasmid/293T,0,0,1.0,,,3.0,2.0,Downgraded 3-2,No effect,,37/39,-,SpliceSite(Resilient),0,NM_002471.3:c.5661G>A,0,37.0,39.0,0.9487,0,0,0
123,"NM_002472.2(MYH8):c.3254+1G>A, p.(?)",MYH8,Loss of canonical donor,ESE loss,Minigene exon-trapping system ,Plasmid/293T,0,1,,1.0,1.0,3.0,3.0,No,"Use of alternative SS, inclusion of intron",Frameshift/nonsense,-,25/39,Intronic,0,NM_002472.2:c.3254+1G>A,1,,,,1,0,1
124,"NM_002661.5(PLCG2):c.3514A>G, p.(Ser1172Gly)",PLCG2,"Introduction of new donor, lower than canonical",ESE loss,mRNA splicing analysis on tissue,Blood,0,0,1.0,,,3.0,3.0,No,No effect,,31/33,-,Resilient,0,NM_002661.5:c.3514A>G,0,31.0,33.0,0.9394,0,1,1
125,"NM_003042.3(SLC6A1):c.1325G>T, p.(Gly442Val)",SLC6A1,"Weaker canonical acceptor, introduction of new donor",ESE change,Minigene exon-trapping system ,Plasmid/293T,0,0,1.0,,,3.0,3.0,No,No effect,,13/16,-,SpliceSite(Vulnerable),0,NM_003042.3:c.1325G>T,0,13.0,16.0,0.8125,0,0,0
128,"NM_003105.5(SORL1):c.4369+5G>A, p.(?)",SORL1,"Weaker canonical donor,introduction new acceptor",ESE gain,mRNA splicing analysis on tissue,Blood,1,1,1.0,0.05,0.05,3.0,3.0,No,Multiple events,Both frameshift/nonsense & inframe,-,31/47,intronic,0,NM_003105.5:c.4369+5G>A,5,,,,1,1,2
129,"NM_003105.5(SORL1):c.4369+5G>A, p.(?)",SORL1,"Weaker canonical donor,introduction new acceptor",ESE gain,Minigene exon-trapping system ,Plasmid/293T,1,1,1.0,1.0,1.0,3.0,3.0,No,Multiple events,Both frameshift/nonsense & inframe,-,31/47,intronic,0,NM_003105.5:c.4369+5G>A,5,,,,1,0,2
130,"NM_003184.3(TAF2):c.2558+691G>C, p.(?)",TAF2,Weaker non-canonical acceptor,ESE loss,Minigene exon-trapping system ,Plasmid/293T,0,1,1.0,0.1,0.0,3.0,3.0,No,Pseudoexon,Frameshift/nonsense,-,19/25,Intronic,0,NM_003184.3:c.2558+691G>C,691,,,,1,0,1
131,"NM_003227.3(TFR2):c.1473G>A, p.(=) ",TFR2,Loss of canonical donor,ESE loss,mRNA splicing analysis on tissue,Blood,0,0,0.0,,,3.0,3.0,No,No effect,,12/19,-,SpliceSite(Resilient),0,NM_003227.3:c.1473G>A,0,12.0,19.0,0.6316,0,1,1
133,"NM_003626.3(PPFIA1):c.2234C>G, p.(Ser745Cys)",PPFIA1,No effect,ESE change,mRNA splicing analysis on tissue,Blood,0,0,1.0,,,3.0,3.0,No,No effect,,17/28,-,Resilient,0,NM_003626.3:c.2234C>G,0,17.0,28.0,0.6071,0,1,0
134,"NM_004208.3(AIFM1):c.1117G>A, p.(Gly373Glu)",AIFM1,No effect,No effect,Minigene exon-trapping system ,Plasmid/293T,0,1,0.0,0.75,0.95,3.0,4.0,Upgraded 3-4,"Use of alternative SS, inclusion of intron",Frameshift/nonsense,11/16,-,Resilient,1,NM_004208.3:c.1117G>A,0,11.0,16.0,0.6875,1,0,0
135,"NM_004304.3(ALK):c.1913-8T>G, p.(?)",ALK,Loss of canonical acceptor ,Complex,Minigene exon-trapping system ,Plasmid/293T,0,1,1.0,0.05,0.05,3.0,3.0,No,"Use of alternative SS, inclusion of intron",Frameshift/nonsense,-,10/28,intronic,0,NM_004304.3:c.1913-8T>G,8,,,,1,0,0
136,"NM_004415.2(DSP):c.2793+3A>G, p.(?)",DSP,Loss of canonical donor,No effect,mRNA splicing analysis on tissue,Fibroblasts,0,1,1.0,0.25,0.0,3.0,4.0,Upgraded 3-4,"Use of alternative SS, inclusion of intron",Frameshift/nonsense,-,19/23,intronic,1,NM_004415.2:c.2793+3A>G,3,,,,1,2,0
137,"NM_004415.2(DSP):c.3609_3610delinsAG, p.(Met1203_Ser1204delinsIleGly)",DSP,"Introduction of new donor, higher than canonical",ESE loss,mRNA splicing analysis on tissue,Fibroblasts,0,0,1.0,,,3.0,3.0,No,No effect,,23/24,-,Alternative,0,NM_004415.2:c.3609_3610delinsAG,0,23.0,24.0,0.9583,0,2,1
138,"NM_004656.3(BAP1):c.200A>G, p.(Asp67Gly)",BAP1,Weaker non-canonical acceptor,No effect,mRNA splicing analysis on tissue,Fibroblasts,0,1,1.0,0.75,0.5,3.0,4.0,Upgraded 3-4,"Use of alternative SS, exclusion of exon",Inframe,4/17,-,Resilient,1,NM_004656.3:c.200A>G,0,4.0,17.0,0.2353,0,2,0
139,"NM_004656.3(BAP1):c.535C>T, p.(Arg179Trp )",BAP1,"Introduction of new donor, lower than canonical",ESE loss,mRNA splicing analysis on tissue,Blood,0,0,1.0,,,3.0,3.0,No,No effect,,7/17,-,Resilient,0,NM_004656.3:c.535C>T,0,7.0,17.0,0.4118,0,1,1
141,"NM_004912.3(KRIT1):c.263-18C>G, p.(?)",KRIT1,"Introduction of new acceptor, higher than canonical",No effect,mRNA splicing analysis on tissue,Fibroblasts,0,1,1.0,0.25,0.0,3.0,4.0,Upgraded 3-4,"Use of alternative SS, inclusion of intron",Frameshift/nonsense,-,5/17,Intronic,1,NM_004912.3:c.263-18C>G,18,,,,1,2,0
142,"NM_004912.4(KRIT1):c.1411+3A>T, p.(?)",KRIT1,Loss of canonical donor,No effect,Minigene exon-trapping system ,Plasmid/293T,0,1,,1.0,1.0,3.0,3.0,No,"Use of alternative SS, exclusion of exon",Frameshift/nonsense,-,13/18,Intronic,0,NM_004912.4:c.1411+3A>T,3,,,,1,0,0
143,"NM_004982.3(KCNJ8):c.999A>T, p.(=)",KCNJ8,"Introduction of new donor, in final exon",ESE Loss,mRNA splicing analysis on tissue,Fibroblasts,0,0,1.0,,,3.0,3.0,No,No effect,,3/3,-,Resilient,0,NM_004982.3:c.999A>T,0,3.0,3.0,1.0,0,2,1
144,"NM_005121.2(MED13):c.6269A>G, p.(Tyr2090Cys)",MED13,"Introduction of new donor, lower than canonical",ESE change,mRNA splicing analysis on tissue,Blood,0,0,1.0,,,3.0,3.0,No,No effect,,28/30,-,Resilient,0,NM_005121.2:c.6269A>G,0,28.0,30.0,0.9333,0,1,0
146,"NM_005359.5(SMAD4):c.424+5G>A, p.(?)",SMAD4,Weaker canonical donor,ESE loss,mRNA splicing analysis on tissue,Fibroblasts,0,0,1.0,,,3.0,2.0,Downgraded 3-2,No effect,,-,3/11,Intronic,0,NM_005359.5:c.424+5G>A,5,,,,0,2,1
147,"NM_005401.4(PTPN14):c.758+1del, p.(?)",PTPN14,Loss of canonical donor,ESE change,mRNA splicing analysis on tissue,Fibroblasts,0,1,1.0,0.15,0.0,3.0,4.0,Upgraded 3-4,Multiple events,Frameshift/nonsense,-,8/18,SpliceSite(Resilient),1,NM_005401.4:c.758+1del,1,,,,1,2,0
148,"NM_005732.4(RAD50):c.3390-1119_3390-1115del, p.(?)",RAD50,No effect,ESE change,mRNA splicing analysis on tissue,Fibroblasts,0,1,1.0,0.5,0.75,3.0,4.0,Upgraded 3-4,Pseudoexon,Frameshift/nonsense,-,21/24,intronic,1,NM_005732.4:c.3390-1119_3390-1115del,1119,,,,1,2,0
149,"NM_005902.3(SMAD3):c.400+5G>T, p.(?)",SMAD3,Weaker canonical donor,No effect,mRNA splicing analysis on tissue,Blood,0,1,1.0,0.05,0.05,3.0,3.0,No,Exon skipping,Inframe,-,2/8,Intronic,0,NM_005902.3:c.400+5G>T,5,,,,0,1,0
151,"NM_006265.2(RAD21):c.274+3A>G, p.(?)",RAD21,Weaker canonical donor,No effect,mRNA splicing analysis on tissue,Blood,0,1,1.0,0.75,0.5,3.0,4.0,Upgraded 3-4,Exon skipping,Frameshift/nonsense,-,3/13,Intronic,1,NM_006265.2:c.274+3A>G,3,,,,1,1,0
152,"NM_006469.5(IVNS1ABP):c.282-7T>A, p.(?)",IVNS1ABP,Weaker canonical acceptor,No effect,mRNA splicing analysis on tissue,Blood,0,0,1.0,,,3.0,2.0,Downgraded 3-2,No effect,,-,4/14,intronic,0,NM_006469.5:c.282-7T>A,7,,,,0,1,0
153,"NM_006545.4(NPRL2):c.720+2dup, p.(?)",NPRL2,Weaker canonical donor,No effect,mRNA splicing analysis on tissue,Blood,1,1,1.0,0.25,0.0,3.0,4.0,Upgraded 3-4,"Use of alternative SS, inclusion of intron",Frameshift/nonsense,-,7/10,SpliceSite(Resilient/Alternative) ,1,NM_006545.4:c.720+2dup,2,,,,1,1,0
154,"NM_006545.4(NPRL2):c.720+2dup, p.(?)",NPRL2,Weaker canonical donor,No effect,Minigene exon-trapping system ,Plasmid/293T,1,1,,0.15,0.0,3.0,4.0,Upgraded 3-4,"Use of alternative SS, inclusion of intron",Frameshift/nonsense,-,7/10,SpliceSite(Resilient/Alternative) ,1,NM_006545.4:c.720+2dup,2,,,,1,0,0
155,"NM_006578.3(GNB5):c.112+1G>C, p.(?)",GNB5,Loss of canonical donor,ESE gain,mRNA splicing analysis on tissue,Blood,0,1,1.0,1.0,0.0,3.0,5.0,Upgraded 3-5,"Use of alternative SS, inclusion of intron",Frameshift/nonsense,-,3/12,Intronic,1,NM_006578.3:c.112+1G>C,1,,,,1,1,2
156,NM_006749.4(SLC20A2):c.427A>G; p.(Ile143Val),SLC20A2,"Introduction of new donor, higher than canonical",ESE change,mRNA splicing analysis on tissue,Blood,0,1,1.0,0.25,0.0,3.0,4.0,Upgraded 3-4,"Use of alternative SS, exclusion of exon",Frameshift/nonsense,3/11,-,Vulnerable,1,NM_006749.4:c.427A>G;,0,3.0,11.0,0.2727,1,1,0
158,"NM_006767.3(LZTR1):c.2325G>C, p.(Gln775His)",LZTR1,Loss of canonical donor,ESE gain,mRNA splicing analysis on tissue,Fibroblasts,0,1,1.0,0.15,0.5,3.0,3.0,No,"Use of alternative SS, inclusion of intron",Frameshift/nonsense,19/21,-,SpliceSite(Resilient),0,NM_006767.3:c.2325G>C,0,19.0,21.0,0.9048,1,2,2
159,"NM_006767.3(LZTR1):c.263+5G>T, p.(?)",LZTR1,Weaker canonical donor,No effect,mRNA splicing analysis on tissue,Blood,0,1,1.0,0.5,0.5,3.0,4.0,Upgraded 3-4,"Use of alternative SS, inclusion of intron",Frameshift/nonsense,-,3/21,Intronic,1,NM_006767.3:c.263+5G>T,5,,,,1,1,0
160,"NM_006767.3(LZTR1):c.320G>C, p.(Arg107Thr)",LZTR1,Weaker canonical donor,ESE change,mRNA splicing analysis on tissue,Blood,0,1,1.0,0.75,0.75,3.0,4.0,Upgraded 3-4,Multiple events,Both frameshift/nonsense & inframe,3/21,-,SpliceSite(Resilient),1,NM_006767.3:c.320G>C,0,3.0,21.0,0.1429,1,1,0
162,"NM_007194.4(CHEK2):c.1376-27C>G, p.(?)",CHEK2,"Introduction of new acceptor, higher than canonical",ESE loss,mRNA splicing analysis on tissue,Blood,0,1,1.0,0.25,0.0,3.0,4.0,Upgraded 3-4,"Use of alternative SS, inclusion of intron",Frameshift/nonsense,-,12/14,Intronic,1,NM_007194.4:c.1376-27C>G,27,,,,1,1,1
163,"NM_007294.3(BRCA1):c.5153-26A>G, p.(?)",BRCA1,"Introduction of new acceptor, lower than canonical",ESE gain,mRNA splicing analysis on tissue,Blood,0,1,1.0,0.25,0.5,3.0,3.0,No,"Use of alternative SS, exclusion of exon",Frameshift/nonsense,-,18/23,Intronic,0,NM_007294.3:c.5153-26A>G,26,,,,1,1,2
166,"NM_012309.4(SHANK2):c.2440-5T>G, p.(?)",SHANK2,Weaker canonical acceptor,ESE change,mRNA splicing analysis on tissue,Fibroblasts,0,0,1.0,,,3.0,3.0,No,No effect,,-,7/10,intronic,0,NM_012309.4:c.2440-5T>G,5,,,,0,2,0
167,"NM_013417.4(IARS1):c.3553+52G>A, p.(?)",IARS1,Weaker canonical donor,No effect,mRNA splicing analysis on tissue,Blood,0,0,1.0,,,3.0,3.0,No,No effect,,-,32/33,Intronic,0,NM_013417.4:c.3553+52G>A,52,,,,0,1,0
169,"NM_014781.5(RB1CC1):c.199-3T>G, p.(?)",RB1CC1,"Introduction of new acceptor, higher than canonical",ESE gain,mRNA splicing analysis on tissue,Blood,0,1,1.0,0.25,0.25,3.0,3.0,No,"Use of alternative SS, inclusion of intron",Frameshift/nonsense,-,4/23,Intronic,0,NM_014781.5:c.199-3T>G,3,,,,1,1,2
170,"NM_015207.2(OTUD3):c.739G>A, p.(Asp247Asn) ",OTUD3,No effect,ESE loss,mRNA splicing analysis on tissue,Blood,0,0,1.0,,,3.0,3.0,No,No effect,,6/8,-,SpliceSite(Resilient),0,NM_015207.2:c.739G>A,0,6.0,8.0,0.75,0,1,1
171,"NM_015247.2(CYLD):c.2350+5G>A, p.(?)",CYLD,Weaker canonical donor,ESE loss,mRNA splicing analysis on tissue,Blood,0,1,1.0,0.5,0.25,3.0,4.0,Upgraded 3-4,"Use of alternative SS, exclusion of exon",Frameshift/nonsense,-,15/17,Intronic,1,NM_015247.2:c.2350+5G>A,5,,,,1,1,1
172,"NM_015312.3(BLTP1):c.13212C>T, p.(=)",BLTP1,No effect,No effect,Minigene exon-trapping system ,Plasmid/293T,0,1,,0.5,0.5,3.0,4.0,Upgraded 3-4,"Use of alternative SS, inclusion of intron",Frameshift/nonsense,79/88,-,Resilient,1,NM_015312.3:c.13212C>T,0,79.0,88.0,0.8977,1,0,0
173,"NM_015312.3(BLTP1):c.13222A>G, p.(lle4408Val)",BLTP1,No effect,ESE loss,Minigene exon-trapping system ,Plasmid/293T,0,0,,,,3.0,3.0,No,No effect,,79/88,-,Resilient,0,NM_015312.3:c.13222A>G,0,79.0,88.0,0.8977,0,0,1
174,"NM_015662.2(IFT172):c.4161G>A, p.(=) ",IFT172,"Weaker canonical acceptor, introduction of new donor",ESE change,mRNA splicing analysis on tissue,Fibroblasts,0,1,1.0,0.5,0.5,3.0,4.0,Upgraded 3-4,Exon skipping,Frameshift/nonsense,38/48,-,SpliceSite(Vulnerable),1,NM_015662.2:c.4161G>A,0,38.0,48.0,0.7917,1,2,0
175,"NM_015662.2(IFT172):c.4914G>A, p.(=)",IFT172,Weaker canonical donor,No effect,mRNA splicing analysis on tissue,Fibroblasts,0,1,1.0,0.5,0.5,3.0,4.0,Upgraded 3-4,Exon skipping,Inframe,45/48,-,SpliceSite(Vulnerable),1,NM_015662.2:c.4914G>A,0,45.0,48.0,0.9375,0,2,0
176,"NM_016180.3(SLC45A2):c.1368+3_1368+9del, p.(?)",SLC45A2,Weaker canonical donor,ESE gain,mRNA splicing analysis on tissue,Blood,1,1,,0.5,0.5,3.0,4.0,Upgraded 3-4,Exon skipping,Frameshift/nonsense,-,6/6,SpliceSite(NAsegment),1,NM_016180.3:c.1368+3_1368+9del,3,,,,1,1,2
177,"NM_016180.3(SLC45A2):c.1368+3_1368+9del, p.(?)",SLC45A2,Weaker canonical donor,ESE gain,Minigene exon-trapping system ,Plasmid/293T,1,1,1.0,0.5,0.5,3.0,4.0,Upgraded 3-4,Exon skipping,Frameshift/nonsense,-,6/6,SpliceSite(NAsegment),1,NM_016180.3:c.1368+3_1368+9del,3,,,,1,0,2
178,"NM_016495.5(TBC1D7):c.447C>A, p.(=)",TBC1D7,No effect,ESE loss,Minigene exon-trapping system ,Plasmid/293T,0,1,1.0,0.5,0.5,3.0,4.0,Upgraded 3-4,Exon skipping,Frameshift/nonsense,5/8,-,Vulnerable,1,NM_016495.5:c.447C>A,0,5.0,8.0,0.625,1,0,1
179,"NM_017617.4(NOTCH1):c.140+3G>C, p.(?)",NOTCH1,Loss of canonical donor,ESE change,mRNA splicing analysis on tissue,Blood,0,1,1.0,1.0,0.75,3.0,5.0,Upgraded 3-5,Exon skipping,Both frameshift/nonsense & inframe,-,2/33,Intronic,1,NM_017617.4:c.140+3G>C,3,,,,1,1,0
180,"NM_017617.5(NOTCH1):c.5901G>A, p.(=)",NOTCH1,"Introduction of new acceptor, lower than canonical",No effect,mRNA splicing analysis on tissue,Blood,0,0,1.0,,,3.0,3.0,No,No effect,,31/34,-,Resilient,0,NM_017617.5:c.5901G>A,0,31.0,34.0,0.9118,0,1,0
181,"NM_017636.3(TRPM4):c.2508C>T, p.(=)",TRPM4,"Introduction of new donor, lower than canonical",ESE loss,mRNA splicing analysis on tissue,Fibroblasts,0,0,1.0,,,3.0,2.0,Downgraded 3-2,No effect,,17/25,-,Vulnerable,0,NM_017636.3:c.2508C>T,0,17.0,25.0,0.68,0,2,1
183,"NM_017890.4(VPS13B):c.5295G>T, p.(Glu1765Asp)",VPS13B,Weaker canonical donor,ESE loss,mRNA splicing analysis on tissue,Blood,0,1,,0.5,0.5,3.0,4.0,Upgraded 3-4,Exon skipping,Inframe,33/62,-,SpliceSite(Resilient),1,NM_017890.4:c.5295G>T,0,33.0,62.0,0.5323,0,1,1
184,"NM_017934.6(PHIP):c.1095+5G>C, p.(?)",PHIP,Loss of canonical donor,ESE change,mRNA splicing analysis on tissue,Blood,0,1,1.0,0.5,0.0,3.0,4.0,Upgraded 3-4,Exon skipping,Frameshift/nonsense,-,11/39,intronic,1,NM_017934.6:c.1095+5G>C,5,,,,1,1,0
185,"NM_017934.6(PHIP):c.41-7C>A, p.(?)",PHIP,"Introduction of new acceptor, higher than canonical",ESE change,mRNA splicing analysis on tissue,Fibroblasts,0,1,1.0,0.25,0.0,3.0,4.0,Upgraded 3-4,"Use of alternative SS, inclusion of intron",Frameshift/nonsense,-,1/39,intronic,1,NM_017934.6:c.41-7C>A,7,,,,1,2,0
186,"NM_018075.3(ANO10):c.1864A>G, p.(Met622Val)",ANO10,"Introduction of new donor, lower than canonical and introduction of new acceptor, lower than canonical",ESE loss,mRNA splicing analysis on tissue,Blood,0,1,1.0,0.25,0.15,3.0,4.0,Upgraded 3-4,Exon skipping,Inframe,12/13,-,Vulnerable,1,NM_018075.3:c.1864A>G,0,12.0,13.0,0.9231,0,1,1
187,"NM_018087.4(NDC1):c.892-21G>A, p.(?)",NDC1,"Introduction of new acceptor, higher than canonical",ESE loss,Minigene exon-trapping system ,Plasmid/293T,0,1,1.0,1.0,1.0,3.0,3.0,No,Exon skipping,Inframe,-,8/17,intronic,0,NM_018087.4:c.892-21G>A,21,,,,0,0,1
188,"NM_019055.5(ROBO4):c.1684+1G>A, p.(?)",ROBO4,Loss of canonical donor,ESE loss,mRNA splicing analysis on tissue,Fibroblasts,0,1,1.0,0.5,0.75,3.0,4.0,Upgraded 3-4,Exon skipping,Both frameshift/nonsense & inframe,-,11/17,intronic,1,NM_019055.5:c.1684+1G>A,1,,,,1,2,1
189,"NM_020774.3(MIB1):c.1677G>C, p.(Gln559His)",MIB1,Loss of canonical donor,ESE loss,mRNA splicing analysis on tissue,Blood,0,1,1.0,0.15,0.25,3.0,4.0,Upgraded 3-4,"Use of alternative SS, inclusion of intron",Frameshift/nonsense,11/21,-,SpliceSite(Resilient),1,NM_020774.3:c.1677G>C,0,11.0,21.0,0.5238,1,1,1
190,"NM_020778.4(ALPK3):c.1275A>T, p.(=)",ALPK3,"Introduction of new donor, lower than canonical",ESE change,mRNA splicing analysis on tissue,Fibroblasts,0,0,1.0,,,3.0,2.0,Downgraded 3-2,No effect,,5/14,-,Vulnerable,0,NM_020778.4:c.1275A>T,0,5.0,14.0,0.3571,0,2,0
191,"NM_021080.3(DAB1): c.307-2A>T, p.(?)",DAB1,"Introduction of new acceptor, higher than canonical",No effect,mRNA splicing analysis on tissue,Fibroblasts,0,1,,0.15,0.0,3.0,3.0,No,"Use of alternative SS, exclusion of exon",Inframe,-,4/14,intronic,0,,2,,,,0,2,0
194,"NM_022455.5(NSD1):c.3769A>C, p.(Thr1257Pro)",NSD1,No effect,ESE change,mRNA splicing analysis on tissue,Blood,0,0,1.0,,,3.0,3.0,No,No effect,,5/23,-,Vulnerable,0,NM_022455.5:c.3769A>C,0,5.0,23.0,0.2174,0,1,0
195,"NM_022772.3(EPS8L2):c.1059+4C>T, p.(?)",EPS8L2,Weaker canonical donor,ESE change,mRNA splicing analysis on tissue,Fibroblasts,0,1,0.0,0.15,0.5,3.0,4.0,Upgraded 3-4,Exon skipping,Inframe,-,12/20,intronic,1,NM_022772.3:c.1059+4C>T,4,,,,0,2,0
196,"NM_022772.3(EPS8L2):c.1208G>T, p.(Arg403Leu)",EPS8L2,Loss of canonical donor,ESE loss,mRNA splicing analysis on tissue,Fibroblasts,1,1,0.0,0.15,0.5,3.0,4.0,Upgraded 3-4,Exon skipping,Frameshift/nonsense,13/21,-,SpliceSite(Resilient),1,NM_022772.3:c.1208G>T,0,13.0,21.0,0.619,1,2,1
197,"NM_022772.3(EPS8L2):c.1208G>T, p.(Arg403Leu)",EPS8L2,Loss of canonical donor,ESE loss,Minigene exon-trapping system ,Plasmid/293T,1,1,1.0,0.1,0.25,3.0,4.0,Upgraded 3-4,Exon skipping,Frameshift/nonsense,13/21,-,SpliceSite(Resilient),1,NM_022772.3:c.1208G>T,0,13.0,21.0,0.619,1,0,1
198,"NM_024298.4(MBOAT7):c.458_459delTC, p.(Leu153fs)",MBOAT7,No effect,ESE change,mRNA splicing analysis on tissue,Blood,0,1,0.0,0.75,0.75,3.0,4.0,Upgraded 3-4,Exon skipping,Inframe,5/8,-,Resilient,1,NM_024298.4:c.458_459delTC,0,5.0,8.0,0.625,0,1,0
199,"NM_025114.3(CEP290):c.5855+5G>A, p.(?)",CEP290,Weaker canonical donor,ESE gain,mRNA splicing analysis on tissue,Fibroblasts,0,1,0.0,0.5,0.5,3.0,4.0,Upgraded 3-4,"Use of alternative SS, exclusion of exon",Frameshift/nonsense,-,42/53,intronic,1,NM_025114.3:c.5855+5G>A,5,,,,1,2,2
200,"NM_030621.4(DICER1):c.2257-7A>G, p.(?)",DICER1,"Introduction of new acceptor, higher than canonical",ESE change,mRNA splicing analysis on tissue,Fibroblasts,0,1,1.0,0.25,0.0,3.0,4.0,Upgraded 3-4,"Use of alternative SS, inclusion of intron",Frameshift/nonsense,-,14/26,intronic,1,NM_030621.4:c.2257-7A>G,7,,,,1,2,0
201,"NM_032119.4(ADGRV1):c.8567-5A>G, p.(?)",ADGRV1,"Introduction of new acceptor, higher than canonical",No effect,Minigene exon-trapping system ,Plasmid/293T,0,1,0.0,0.5,0.25,3.0,4.0,Upgraded 3-4,"Use of alternative SS, inclusion of intron",Frameshift/nonsense,-,37/89,intronic,1,NM_032119.4:c.8567-5A>G,5,,,,1,0,0
202,"NM_032242.3(PLXNA1):c.3896-22C>G, p.(?)",PLXNA1,No effect,ESE loss,mRNA splicing analysis on tissue,Fibroblasts,0,0,1.0,,,3.0,3.0,No,No effect,,-,19/30,Intronic,0,NM_032242.3:c.3896-22C>G,22,,,,0,2,1
