cnomen_key,variant_type,spliceai_max,pangolin_max,spip_score,squirls_max
NM_000302.4:c.1650G>A,CanonicalSpliceDonor,0.2,0.439999997615814,0.717999999999999,0.992
NM_006469.5:c.282-7T>A,CanonicalSpliceAcceptor,0.0,0.0299999993294477,0.154,0.006
NM_015207.2:c.739G>A,CanonicalSpliceAcceptor,0.05,0.0599999986588955,0.538,0.013
NM_005401.4:c.758+1delG,CanonicalSpliceDonor,0.89,0.84,1.0,0.953
NM_001135599.3:c.831A>G,ExonicDistant,0.18,0.239999994635582,0.402,0.006
NM_018087.4:c.892-21G>A,IntronicDistant,0.27,0.569999992847443,0.281999999999999,0.112
NM_021080.3: c.307-2A>T,CanonicalSpliceAcceptor,0.99,0.870000004768372,,0.036
NM_021080.3:c.67+1G>T,CanonicalSpliceDonor,1.0,0.819999992847443,0.996,0.99
NM_000969.3:c.333T>C,ExonicDistant,0.0,0.0500000007450581,0.042,0.252
NM_000314.4:c.101C>G,ExonicDistant,0.0,0.0399999991059303,0.297999999999999,0.015
NM_001164179.1:c.146A>G,CanonicalSpliceAcceptor,0.0,0.0,,0.013
NM_198043.2:c.971+2T>C,CanonicalSpliceDonor,0.86,0.779999971389771,0.985999999999999,0.993
NM_000051.3:c.131A>G,ExonicDistant,0.06,0.0399999991059303,0.402,0.085
NM_000051.3:c.1607+5G>A,CanonicalSpliceDonor,0.56,0.449999988079071,0.987999999999999,0.686
NM_000051.3:c.1803-2A>G,CanonicalSpliceAcceptor,1.0,0.860000014305115,0.998,0.989
NM_000051.3:c.1803-1G>C,CanonicalSpliceAcceptor,1.0,0.860000014305115,0.991999999999999,0.959
NM_000051.3:c.2921+5G>A,CanonicalSpliceDonor,0.88,0.779999971389771,0.84,0.931
NM_000051.3:c.3402+22T>G,IntronicDistant,0.08,0.0900000035762787,0.014,0.014
NM_000051.3:c.3994-160T>C,IntronicDistant,0.3,0.159999996423721,0.002,0.873
NM_001197104.1:c.8387G>T,ExonicDistant,0.0,0.0199999995529652,0.042,0.015
NM_003105.5:c.4369+5G>A,CanonicalSpliceDonor,0.85,0.699999988079071,1.0,0.814
NM_019055.5:c.1684+1G>A,CanonicalSpliceDonor,0.67,0.0,0.996,0.969
NM_000256.3:c.1897G>A,CanonicalSpliceDonor,0.45,0.310000002384186,0.998,0.997
NM_000256.3:c.1224-2A>G,CanonicalSpliceAcceptor,0.47,0.189999997615814,1.0,0.785
NM_000256.3:c.821+5G>A,CanonicalSpliceDonor,0.86,0.740000009536743,1.0,0.948
NM_001286581.1:c.2261_2267dup7,ExonicDistant,0.0,0.0,0.002,0.006
NM_001370259.2:c.1158C>T,ExonicDistant,0.99,0.870000004768372,,0.104
NM_130803.2:c.670-6C>A,CanonicalSpliceAcceptor,0.51,0.270000010728836,0.605999999999999,0.006
NM_003626.3:c.2234C>G,ExonicDistant,0.0,0.0,0.03,0.006
NM_012309.4:c.2440-5T>G,CanonicalSpliceAcceptor,0.1,0.0700000002980232,0.782,0.01
NM_022772.3:c.1059+4C>T,CanonicalSpliceDonor,0.16,0.280000001192093,0.95,0.012
NM_022772.3:c.1208G>T,CanonicalSpliceDonor,0.8,0.75,1.0,0.998
NM_004982.3:c.999A>T,ExonicDistant,0.01,0.0,,0.034
NM_199460.2:c.513G>A,ExonicDistant,0.11,0.129999995231628,0.293999999999999,0.006
NM_001270399.1:c.78G>A,ExonicDistant,0.0,0.0,0.345999999999999,0.006
NM_025114.3:c.5855+5G>A,CanonicalSpliceDonor,0.95,0.839999973773956,0.998,0.964
ENST00000375820.4:c.1000-5T>G,CanonicalSpliceAcceptor,0.53,0.479999989271164,0.993999999999999,0.895
NM_000059.3:c.1069G>T,ExonicDistant,0.0,0.0,0.0,0.006
NM_000059.3:c.9117+46_9134del65,IntronicDistant,1.0,0.93,0.032,0.998
NM_000059.3:c.9502-20T>G,IntronicDistant,0.0,0.0299999993294477,0.35,0.007
NM_002471.3:c.5661G>A,CanonicalSpliceDonor,0.03,0.0500000007450581,0.926,0.787
NM_003239.4:c.232delG,ExonicDistant,0.0,0.0,,0.006
NM_030621.4:c.2257-7A>G,CanonicalSpliceAcceptor,1.0,0.860000014305115,0.912,0.935
NM_138576.3:c.2000G>A,ExonicDistant,0.0,0.0,0.0,0.008
NM_000462.3:c.1618-2A>C,CanonicalSpliceAcceptor,1.0,0.0,1.0,0.997
NM_005159.4:c.723C>G,ExonicDistant,0.25,0.00999999977648258,0.565999999999999,0.015
NM_000138.4:c.6288C>T,ExonicDistant,0.1,0.0399999991059303,0.0719999999999999,0.006
NM_000138.4:c.5296+5G>A,CanonicalSpliceDonor,0.97,0.819999992847443,1.0,0.961
NM_006578.3:c.112+1G>C,CanonicalSpliceDonor,0.96,0.860000014305115,0.998,0.024
NM_005902.3:c.400+5G>T,CanonicalSpliceDonor,0.03,0.0299999993294477,0.79,0.901
NM_005902.3:c.401-6G>A,CanonicalSpliceAcceptor,1.0,0.850000023841858,0.758,1.0
NM_020778.4:c.1275A>T,ExonicDistant,0.57,0.419999986886978,0.15,0.006
NM_001077350.2:c.319-2A>G,CanonicalSpliceAcceptor,0.95,0.860000014305115,1.0,0.975
NM_001040113.1:c.1423-12C>G,CanonicalSpliceAcceptor,0.02,0.0299999993294477,0.04,0.006
NM_000548.3:c.-29-4A>C,CanonicalSpliceAcceptor,0.09,0.310000002384186,0.058,0.007
NM_000548.3:c.152A>C,ExonicDistant,0.0,0.00999999977648258,0.806,0.007
NM_000548.3:c.226-6T>G,CanonicalSpliceAcceptor,0.03,0.0299999993294477,0.72,0.019
NM_000548.3:c.599+4A>G,CanonicalSpliceDonor,0.75,0.550000011920929,0.96,0.99
NM_000548.5:c.700G>C,ExonicDistant,0.0,0.0,0.0519999999999999,0.013
NM_000548.3:c.1033_1035delinsTTA,ExonicDistant,0.33,0.25,,0.014
NM_000548.3:c.1717-785_1717-784delAG,IntronicDistant,0.0,0.0,0.0,0.006
NM_000548.3:c.1947-23A>G,IntronicDistant,0.17,0.5,0.843999999999999,0.038
NM_000548.3:c.2838-125C>A,IntronicDistant,0.82,0.529999971389771,0.0739999999999999,0.01
NM_000548.3:c.2967-460G>A,IntronicDistant,0.35,0.200000002980232,0.16,0.075
NM_000548.5:c.3879G>A,ExonicDistant,0.15,0.0299999993294477,0.188,0.017
NM_001009944.2:c.5830G>A,ExonicDistant,0.0,0.0,0.0179999999999999,0.026
NM_173201.3:c.136+1G>T,CanonicalSpliceDonor,0.96,0.629999995231628,,0.932
NM_015247.2:c.2350+5G>A,CanonicalSpliceDonor,0.9,0.800000011920929,0.996,0.964
NM_153837.3:c.140G>A,CanonicalSpliceDonor,0.72,0.639999985694885,,0.685
NM_002661.5:c.3514A>G,ExonicDistant,0.0,0.00999999977648258,0.066,0.013
NM_002472.2:c.3254+1G>A,CanonicalSpliceDonor,0.99,0.0,0.993999999999999,0.981
NM_000430.3:c.33-3C>T,CanonicalSpliceAcceptor,0.01,0.0599999986588955,0.617999999999999,0.013
NM_000267.1:c.288+3A>T,CanonicalSpliceDonor,0.95,0.819999992847443,1.0,0.956
NM_000267.3:c.586+3A>T,CanonicalSpliceDonor,0.77,0.540000021457672,0.963999999999999,0.963
NM_000267.3:c.1642-9A>G,CanonicalSpliceAcceptor,0.81,0.660000026226044,0.941999999999999,0.999
NM_000267.3:c.1722-26T>G,IntronicDistant,0.74,0.600000023841858,0.51,0.012
NM_000267.1:c.1845G>A,CanonicalSpliceDonor,0.85,0.75,0.92,0.843
NM_000267.3:c.1845+3A>C,CanonicalSpliceDonor,0.88,0.75,0.697999999999999,0.948
NM_000267.3:c.2251G>A,CanonicalSpliceDonor,0.41,0.660000026226044,0.996,0.993
NM_000267.3:c.2252G>T,CanonicalSpliceAcceptor,0.38,0.639999985694885,0.658,0.999
NM_000267.1:c.2337_2339delTACinsCAA,ExonicDistant,0.0,0.0,0.016,0.021
NM_000267.3:c.2710T>A,ExonicDistant,0.92,0.670000016689301,0.595999999999999,0.704
NM_000267.3:c.2750T>G,ExonicDistant,0.59,0.439999997615814,0.573999999999999,0.509
NM_000267.3:c.3315-3C>G,CanonicalSpliceAcceptor,0.53,0.639999985694885,1.0,0.242
NM_000267.3:c.3315-3C>T,CanonicalSpliceAcceptor,0.05,0.100000001490116,0.0759999999999999,0.01
NM_000267.3:c.3870G>C,CanonicalSpliceDonor,0.64,0.819999992847443,0.991999999999999,0.999
NM_001042492.2:c.4170_4173del,CanonicalSpliceDonor,0.04,0.85,0.285999999999999,0.256
NM_000267.3:c.4369T>G,CanonicalSpliceAcceptor,0.05,0.0500000007450581,0.0259999999999999,0.039
NM_000267.3:c.4986C>G,ExonicDistant,0.64,0.439999997615814,0.058,0.017
NM_000267.3:c.5943G>C,CanonicalSpliceDonor,0.94,0.829999983310699,0.991999999999999,0.994
NM_000267.3:c.6085G>T,CanonicalSpliceAcceptor,0.64,0.540000021457672,0.52,0.998
NM_000267.3:c.6317_6340del,ExonicDistant,0.07,0.01,0.064,0.043
NM_000267.3:c.6365-3C>G,CanonicalSpliceAcceptor,0.91,0.860000014305115,0.993999999999999,0.965
NM_000267.3:c.7011A>G,ExonicDistant,0.0,0.00999999977648258,0.202,0.013
NM_000267.3:c.8300C>T,ExonicDistant,0.0,0.0,0.012,0.032
NM_001070.4:c.50-3C>A,CanonicalSpliceAcceptor,0.36,0.28999999165535,0.99,0.083
NM_007294.3:c.5153-26A>G,IntronicDistant,0.23,0.400000005960464,0.835999999999999,0.266
NM_001193466.1:c.2725-6T>C,CanonicalSpliceAcceptor,0.36,0.379999995231628,0.042,0.031
NM_058216.1:c.784T>G,ExonicDistant,0.71,0.180000007152557,0.701999999999999,0.014
NM_001288653.1:c.381G>A,ExonicDistant,0.97,0.730000019073486,0.134,0.006
NM_005121.2:c.6269A>G,ExonicDistant,0.69,0.360000014305115,0.168,0.054
NM_199242.2:c.262-1G>A,CanonicalSpliceAcceptor,0.96,0.819999992847443,0.951999999999999,0.953
NM_020774.3:c.1677G>C,CanonicalSpliceDonor,0.99,0.870000004768372,0.998,1.0
NM_005359.5:c.424+5G>A,CanonicalSpliceDonor,0.4,0.159999996423721,1.0,0.957
NM_004715.4:c.2069-3C>T,CanonicalSpliceAcceptor,0.0,0.0299999993294477,0.84,0.007
NM_001379.3:c.80+1G>A,CanonicalSpliceDonor,1.0,0.829999983310699,1.0,0.973
NM_000540.3:c.7028-10G>A,CanonicalSpliceAcceptor,1.0,0.889999985694885,0.597999999999999,1.0
NM_000540.3:c.10348-6C>G,CanonicalSpliceAcceptor,0.47,0.379999995231628,0.264,0.053
NM_001271938.2:c.6395G>A,ExonicDistant,0.06,0.0900000035762787,0.778,0.006
NM_017636.3:c.2508C>T,ExonicDistant,0.04,0.0299999993294477,0.096,0.019
NM_001352262.1:c.851G>C,ExonicDistant,0.0,0.0,0.196,0.006
NM_024298.4:c.458_459delTC,ExonicDistant,0.0,0.01,0.143999999999999,0.006
NM_001166111.1:c.1635+10_1635+18delinsGT,IntronicDistant,0.01,,0.0,0.009
NM_001267550.1:c.105134A>G,ExonicDistant,0.0,0.0,0.0759999999999999,0.131
NM_000090.3:c.1149+4A>G,CanonicalSpliceDonor,0.19,0.330000013113022,0.98,0.988
NM_000090.3:c.1348-1G>T,CanonicalSpliceAcceptor,1.0,0.889999985694885,0.951999999999999,1.0
NM_015662.2:c.4914G>A,CanonicalSpliceDonor,0.83,0.0,0.993999999999999,0.826
NM_015662.2:c.4161G>A,CanonicalSpliceAcceptor,0.09,0.219999998807907,0.613999999999999,0.801
NM_004304.3:c.1913-8T>G,CanonicalSpliceAcceptor,0.03,0.0900000035762787,0.0379999999999999,0.008
NM_000251.2:c.2634G>C,CanonicalSpliceDonor,0.76,0.850000023841858,0.996,0.997
NM_000179.3:c.3969_4001+52dup,IntronicDistant,0.98,0.720000028610229,0.07,0.013
NM_001039348.2:c.81+1G>A,CanonicalSpliceDonor,0.97,0.829999983310699,1.0,0.976
NM_006759.3:c.34A>G,ExonicDistant,0.0,0.0,0.032,0.01
NM_000214.2:c.1156G>A,ExonicDistant,0.98,0.779999971389771,0.56,0.007
NM_001848.2:c.904-10G>A,CanonicalSpliceAcceptor,0.99,0.870000004768372,0.585999999999999,1.0
NM_006767.3:c.263+5G>T,CanonicalSpliceDonor,0.93,0.870000004768372,1.0,0.971
NM_006767.3:c.320G>C,CanonicalSpliceDonor,0.77,0.790000021457672,0.778,0.997
NM_006767.3:c.2325G>C,CanonicalSpliceDonor,0.98,0.829999983310699,1.0,1.0
NM_003073.5:c.500+7A>G,IntronicDistant,0.71,0.140000000596046,0.006,0.013
NM_007194.4:c.1376-1G>C,CanonicalSpliceAcceptor,0.94,0.850000023841858,1.0,0.022
NM_007194.4:c.1376-27C>G,IntronicDistant,0.99,0.860000014305115,0.642,1.0
NM_022098.4:c.1357G>A,CanonicalSpliceDonor,0.73,0.759999990463257,0.998,0.994
NM_003042.3:c.1325G>T,CanonicalSpliceAcceptor,0.46,0.119999997317791,0.0859999999999999,0.974
NM_032242.3:c.3896-22C>G,IntronicDistant,0.03,0.0199999995529652,0.0,0.007
NM_001145661.1:c.1143+5G>A,CanonicalSpliceDonor,0.18,0.699999988079071,0.99,0.95
NM_018075.3:c.1864A>G,ExonicDistant,0.01,0.0199999995529652,0.116,0.018
NM_006545.4:c.720+2dup,CanonicalSpliceDonor,0.99,0.769999980926514,0.882,0.934
NM_004656.3:c.535C>T,ExonicDistant,0.0,0.0199999995529652,0.0459999999999999,0.006
NM_004656.3:c.200A>G,ExonicDistant,0.96,0.790000021457672,0.684,0.172
NM_000097.7:c.1277+9A>G,IntronicDistant,0.4,0.28999999165535,0.25,0.028
NM_000203.3:c.386-2A>G,CanonicalSpliceAcceptor,0.61,0.5,0.998,0.937
NM_015312.3:c.13212C>T,ExonicDistant,0.0,0.0,0.116,0.01
NM_015312.3:c.13222A>G,ExonicDistant,0.0,0.0,0.014,0.032
NM_152778.3:c.750A>G,ExonicDistant,0.45,0.379999995231628,0.53,0.008
NM_057175.4:c.692-2_692-1delAG,CanonicalSpliceAcceptor,1.0,0.87,1.0,0.963
NM_001080522.2:c.3976-3C>A,CanonicalSpliceAcceptor,0.68,0.579999983310699,0.98,0.101
NM_001999.3:c.7841-3C>T,CanonicalSpliceAcceptor,0.11,0.0199999995529652,0.458,0.343
NM_001999.3:c.2940C>T,ExonicDistant,0.03,0.0299999993294477,0.477999999999999,0.007
NM_005732.4:c.3390-1119_3390-1115del,IntronicDistant,0.21,0.06,0.0,0.016
NM_002449.4:c.379+5G>T,CanonicalSpliceDonor,0.81,0.800000011920929,1.0,0.969
NM_022455.5:c.3769A>C,ExonicDistant,0.0,0.00999999977648258,0.114,0.008
NM_016180.3:c.1368+3_1368+9del,CanonicalSpliceDonor,0.03,0.43,0.827999999999999,0.01
NM_032119.4:c.8567-5A>G,CanonicalSpliceAcceptor,0.98,0.790000021457672,0.998,1.0
NM_016495.5:c.447C>A,ExonicDistant,0.0,0.0,0.226,0.012
NM_182961.3:c.25119+3A>C,CanonicalSpliceDonor,0.91,0.810000002384186,0.996,0.071
NM_004415.2:c.2793+3A>G,CanonicalSpliceDonor,0.99,0.829999983310699,0.97,0.968
NM_004415.2:c.3609_3610delinsAG,ExonicDistant,0.01,0.0500000007450581,0.0759999999999999,0.347
NM_017934.6:c.1095+5G>C,CanonicalSpliceDonor,0.83,0.839999973773956,0.855999999999999,0.042
NM_017934.6:c.41-7C>A,CanonicalSpliceAcceptor,0.96,0.00999999977648258,0.622,1.0
NM_003227.3:c.1473G>A,CanonicalSpliceDonor,0.52,0.689999997615814,1.0,0.992
NM_001458.4:c.1813+2T>C,CanonicalSpliceDonor,0.75,0.720000028610229,0.991999999999999,0.987
NM_170606.3:c.740-2A>C,CanonicalSpliceAcceptor,1.0,0.860000014305115,,0.946
NM_001077653.2:c.1002A>T,CanonicalSpliceDonor,0.42,0.25,,0.06
NM_000168.5:c.473+5G>C,CanonicalSpliceDonor,0.94,0.759999990463257,1.0,0.024
NM_001322014.1:c.269C>G,ExonicDistant,0.13,0.259999990463257,0.388,0.477
NM_004912.4:c.1411+3A>T,CanonicalSpliceDonor,0.82,0.829999983310699,0.998,0.006
NM_004912.3:c.263-18C>G,IntronicDistant,0.57,0.689999997615814,0.937999999999999,0.994
NM_000089.3:c.2403+3A>G,CanonicalSpliceDonor,0.14,0.170000001788139,0.0739999999999999,0.293
NM_006265.2:c.274+3A>G,CanonicalSpliceDonor,0.23,0.349999994039536,,0.986
NM_003184.3:c.2558+691G>C,IntronicDistant,0.22,0.0299999993294477,0.002,0.007
NM_078480.2:c.24+1G>C,CanonicalSpliceDonor,0.99,0.829999983310699,1.0,0.008
NM_001362878.1:c.557+74_557+78delCCAAA,IntronicDistant,0.42,0.32,,0.103
NM_006749.4:c.427A>G,ExonicDistant,1.0,0.870000004768372,,0.132
NM_014781.5:c.199-3T>G,CanonicalSpliceAcceptor,0.83,0.800000011920929,0.963999999999999,0.006
NM_017890.4:c.2934+1_2934+2delGT,CanonicalSpliceDonor,1.0,0.89,1.0,0.997
NM_017890.4:c.5295G>T,CanonicalSpliceDonor,0.93,0.829999983310699,0.998,0.993
NM_000368.5:c.2626-90A>G,IntronicDistant,0.0,0.0,0.0,0.006
NM_000368.4:c.2042-5A>G,CanonicalSpliceAcceptor,0.95,0.850000023841858,0.957999999999999,0.999
NM_000368.5:c.913+21T>G,IntronicDistant,0.77,0.810000002384186,0.034,0.009
NM_000368.4:c.664-15A>G,IntronicDistant,0.68,0.680000007152557,0.953999999999999,0.661
NM_000093.4:c.4067C>T,CanonicalSpliceDonor,0.01,0.0599999986588955,0.234,0.017
NM_000093.4:c.5024C>A,ExonicDistant,0.0,0.0,0.136,0.006
NM_017617.5:c.5901G>A,ExonicDistant,0.0,0.0,0.058,0.006
NM_017617.4:c.140+3G>C,CanonicalSpliceDonor,0.72,0.709999978542328,1.0,0.009
NM_012144.2:c.48+2dup,CanonicalSpliceDonor,0.82,0.699999988079071,1.0,0.988
NM_012144.2:c.2045T>C,ExonicDistant,0.01,0.00999999977648258,0.0359999999999999,0.019
NM_013417.4:c.3553+52G>A,IntronicDistant,0.0,0.0,0.0,0.008
NM_013417.4:c.595A>T,CanonicalSpliceDonor,0.05,0.389999985694885,0.69,0.022
NM_000197.1:c.139A>G,ExonicDistant,0.13,0.0799999982118607,0.336,0.007
NM_001354975.1:c.605A>G,ExonicDistant,0.07,0.680000007152557,,0.234
NM_001830.3:c.1389G>A,CanonicalSpliceDonor,0.01,0.0199999995529652,0.526,0.553
NM_001081550.1:c.4754+1A>G,CanonicalSpliceDonor,0.04,0.0,0.0219999999999999,0.459
NM_001167.3:c.1099+1G>A,CanonicalSpliceDonor,0.96,0.810000002384186,1.0,0.962
NM_004208.3:c.1117G>A,ExonicDistant,0.37,0.230000004172325,0.8,0.01
NM_001110556.1:c.5217+5G>C,CanonicalSpliceDonor,0.67,0.479999989271164,0.865999999999999,0.064
NM_001493.2:c.399C>T,ExonicDistant,0.02,0.0199999995529652,0.25,0.054
NM_171998.3:c.215G>T,CanonicalSpliceDonor,0.94,0.670000016689301,0.975999999999999,0.752
NM_001039590.3:c.6435+4A>G,CanonicalSpliceDonor,0.45,0.259999990463257,0.804,0.959
NM_001356.4:c.1023C>T,CanonicalSpliceDonor,0.91,0.889999985694885,0.762,0.13
NM_001029896.1:c.147C>T,ExonicDistant,0.27,0.109999999403954,0.528,0.061
NM_000044.6:c.1768G>A,CanonicalSpliceDonor,0.83,0.540000021457672,0.991999999999999,0.993
NM_001145408.1:c.944-6T>G,CanonicalSpliceAcceptor,0.06,0.0299999993294477,0.678,0.023
